pCode,team,name,displayId,backNo,position,throwBat,birthday,heightWeight,AVG,G,PA,AB,R,H,2B,3B,HR,TB,RBI,SAC,SF,BB,IBB,HBP,SO,GDP,SLG,OBP,OPS,MultiHit,RISP_AVG,PH_AVG
69207,삼성,김태근,삼성64김태근,64,외야수,우투우타,1996년 08월 10일,175cm/74kg,0.333,11,14,12,2,4,0,0,0,4,0,0,0,2,0,0,4,0,0.333,0.429,0.762,0,0.000,0.500
67449,삼성,김성윤,삼성39김성윤,39,외야수,좌투좌타,1999년 02월 02일,163cm/62kg,0.331,127,538,456,92,151,29,9,6,216,61,10,2,65,0,5,54,11,0.474,0.419,0.893,45,0.402,0.400
62404,삼성,구자욱,삼성5구자욱,5,외야수,우투좌타,1993년 02월 12일,189cm/75kg,0.319,142,616,529,106,169,43,2,19,273,96,1,8,73,7,5,91,9,0.516,0.402,0.918,46,0.351,0.333
54400,삼성,디아즈,삼성0디아즈,0,내야수,좌투좌타,1996년 11월 19일,188cm/105kg,0.314,144,628,551,93,173,32,0,50,355,158,0,11,60,10,6,100,15,0.644,0.381,1.025,50,0.352,1.000
69418,삼성,박승규,삼성66박승규,66,외야수,우투우타,2000년 09월 02일,178cm/78kg,0.287,64,200,174,39,50,5,0,6,73,14,1,0,21,0,4,43,2,0.420,0.377,0.797,12,0.200,0.143
69442,삼성,김도환,삼성24김도환,24,포수,우투우타,2000년 04월 14일,178cm/90kg,0.286,6,14,14,3,4,1,0,0,5,1,0,0,0,0,0,4,0,0.357,0.286,0.643,1,1.000,0.000
50458,삼성,김지찬,삼성58김지찬,58,외야수,우투좌타,2001년 03월 08일,163cm/64kg,0.281,90,373,317,59,89,9,2,0,102,23,10,3,38,0,5,44,7,0.322,0.364,0.686,24,0.286,0.000
62234,삼성,류지혁,삼성16류지혁,16,내야수,우투좌타,1994년 01월 13일,181cm/75kg,0.280,129,464,400,54,112,14,0,1,129,37,14,4,33,0,13,73,11,0.323,0.351,0.674,29,0.247,0.200
65586,삼성,전병우,삼성61전병우,61,내야수,우투우타,1992년 10월 24일,182cm/93kg,0.273,59,97,77,11,21,2,0,1,26,13,0,0,19,0,1,27,3,0.338,0.423,0.761,2,0.381,0.412
74540,삼성,강민호,삼성47강민호,47,포수,우투우타,1985년 08월 18일,185cm/100kg,0.269,127,465,412,37,111,23,1,12,172,71,1,7,38,4,7,69,16,0.417,0.336,0.753,26,0.333,0.300
54408,삼성,양도근,삼성68양도근,68,내야수,우투우타,2003년 02월 06일,173cm/72kg,0.259,116,198,166,23,43,5,0,0,48,16,11,1,18,0,2,41,3,0.289,0.337,0.626,12,0.220,0.286
52415,삼성,이재현,삼성7이재현,7,내야수,우투우타,2003년 02월 04일,180cm/82kg,0.254,139,555,457,82,116,29,1,16,195,67,10,8,69,1,11,119,8,0.427,0.360,0.787,29,0.256,0.333
52430,삼성,김영웅,삼성30김영웅,30,내야수,우투좌타,2003년 08월 24일,183cm/81kg,0.249,125,499,446,66,111,22,2,22,203,72,0,3,48,3,2,143,6,0.455,0.323,0.778,25,0.268,0.000
65040,삼성,김태훈,삼성25김태훈,25,외야수,우투좌타,1996년 03월 31일,177cm/78kg,0.237,51,98,93,4,22,1,0,2,29,8,2,0,3,0,0,24,0,0.312,0.260,0.572,2,0.150,0.240
66406,삼성,안주형,삼성14안주형,14,내야수,우투좌타,1993년 08월 14일,176cm/68kg,0.235,8,18,17,3,4,0,0,1,7,2,0,0,1,0,0,5,1,0.412,0.278,0.690,0,0.000,0.000
61404,삼성,김헌곤,삼성32김헌곤,32,외야수,우투우타,1988년 11월 09일,174cm/81kg,0.225,77,191,173,21,39,6,0,2,51,11,2,1,11,0,4,29,4,0.295,0.286,0.581,6,0.114,0.333
55440,삼성,함수호,삼성40함수호,40,외야수,좌투좌타,2006년 03월 10일,181cm/88kg,0.214,6,14,14,1,3,0,0,0,3,1,0,0,0,0,0,6,0,0.214,0.214,0.428,1,0.250,0.000
69428,삼성,이병헌,삼성23이병헌,23,포수,우투우타,1999년 10월 26일,180cm/87kg,0.200,55,59,55,5,11,3,0,1,17,7,0,0,3,0,1,13,1,0.309,0.254,0.563,3,0.273,0.000
51407,삼성,이창용,삼성50이창용,50,내야수,우투우타,1999년 06월 03일,184cm/89kg,0.200,11,17,15,2,3,1,0,1,7,2,0,0,2,0,0,8,0,0.467,0.294,0.761,0,0.167,0.000
69416,삼성,이해승,삼성3이해승,3,내야수,우투우타,2000년 08월 01일,180cm/86kg,0.200,8,5,5,2,1,0,0,0,1,1,0,0,0,0,0,2,0,0.200,0.200,0.400,0,0.500,0.000
75125,삼성,박병호,삼성52박병호,52,내야수,우투우타,1986년 07월 10일,185cm/107kg,0.199,77,232,196,26,39,5,0,15,89,33,0,2,27,0,7,70,5,0.454,0.315,0.769,9,0.208,0.063
66409,삼성,이성규,삼성13이성규,13,외야수,우투우타,1993년 08월 03일,178cm/82kg,0.198,68,154,126,17,25,5,1,6,50,21,1,2,15,0,10,52,3,0.397,0.327,0.724,3,0.256,0.154
69403,삼성,양우현,삼성53양우현,53,내야수,우투좌타,2000년 04월 13일,175cm/82kg,0.188,14,16,16,3,3,1,0,0,4,4,0,0,0,0,0,2,0,0.250,0.188,0.438,0,0.286,0.000
55438,삼성,심재훈,삼성6심재훈,6,내야수,우투우타,2006년 03월 03일,180cm/80kg,0.184,31,43,38,8,7,0,0,0,7,2,1,0,4,0,0,13,0,0.184,0.262,0.446,2,0.222,0.000
68463,삼성,윤정빈,삼성31윤정빈,31,외야수,우투좌타,1999년 06월 24일,182cm/93kg,0.175,25,46,40,3,7,1,0,0,8,3,0,2,4,0,0,18,1,0.200,0.239,0.439,2,0.286,0.167
65132,삼성,김재성,삼성2김재성,2,포수,우투좌타,1996년 10월 30일,185cm/85kg,0.127,43,73,63,3,8,2,0,0,10,4,1,1,6,0,2,23,0,0.159,0.222,0.381,1,0.133,0.000
67005,삼성,홍현빈,삼성51홍현빈,51,외야수,우투좌타,1997년 08월 29일,174cm/70kg,0.125,32,38,32,8,4,2,0,0,6,0,2,0,3,0,1,8,0,0.188,0.222,0.410,0,0.167,0.143
52424,삼성,김재혁,삼성8김재혁,8,외야수,우투우타,1999년 12월 26일,182cm/85kg,0.000,8,4,3,2,0,0,0,0,0,0,0,0,1,0,0,2,0,0.000,0.250,0.250,0,0.000,0.000
54460,삼성,김호진,삼성53김호진,53,내야수,우투우타,2005년 07월 16일,183cm/84kg,-,1,0,0,0,0,0,0,0,0,0,0,0,0,0,0,0,0,-,-,-,0,0.000,0.000
53411,삼성,박진우,삼성12박진우,12,포수,우투우타,2003년 10월 14일,176cm/87kg,0.000,1,1,1,0,0,0,0,0,0,0,0,0,0,0,0,0,0,0.000,0.000,0.000,0,0.000,0.000
55435,삼성,차승준,삼성35차승준,35,내야수,우투좌타,2006년 11월 20일,181cm/88kg,0.000,1,1,1,0,0,0,0,0,0,0,0,0,0,0,0,0,0,0.000,0.000,0.000,0,0.000,0.000
68504,KT,이호연,KT36이호연,36,내야수,우투좌타,1995년 06월 03일,177cm/87kg,0.343,32,75,70,8,24,7,0,1,34,8,1,0,3,0,1,14,2,0.486,0.378,0.864,5,0.300,0.389
52001,KT,안현민,KT23안현민,23,외야수,우투우타,2003년 08월 22일,183cm/90kg,0.334,112,482,395,72,132,19,4,22,225,80,0,3,75,5,9,72,4,0.570,0.448,1.018,38,0.333,0.000
64004,KT,김민혁,KT53김민혁,53,외야수,좌투좌타,1995년 11월 21일,181cm/71kg,0.287,106,417,380,52,109,12,2,0,125,35,4,1,25,1,7,41,12,0.329,0.341,0.670,29,0.262,0.286
79240,KT,허경민,KT13허경민,13,내야수,우투우타,1990년 08월 26일,176cm/69kg,0.283,114,481,420,47,119,18,0,4,149,44,3,4,39,1,15,35,14,0.355,0.362,0.717,33,0.290,0.000
76313,KT,황재균,KT10황재균,10,내야수,우투우타,1987년 07월 28일,183cm/96kg,0.275,112,424,385,50,106,19,0,7,146,48,1,2,34,1,2,84,2,0.379,0.336,0.715,31,0.403,0.111
69056,KT,박민석,KT2박민석,2,내야수,우투우타,2000년 04월 13일,178cm/70kg,0.263,19,21,19,5,5,1,1,0,8,1,0,0,2,0,0,4,0,0.421,0.333,0.754,1,0.000,0.000
55013,KT,스티븐슨,KT3스티븐슨,3,외야수,좌투좌타,1994년 06월 01일,0cm/0kg,0.262,39,168,149,26,39,12,0,3,60,14,1,0,14,0,4,43,2,0.403,0.341,0.744,12,0.258,0.000
67644,KT,이정훈,KT33이정훈,33,외야수,우투좌타,1994년 12월 07일,185cm/90kg,0.258,59,148,132,20,34,4,0,4,50,14,0,0,13,0,3,48,4,0.379,0.338,0.717,6,0.258,0.286
64504,KT,오윤석,KT4오윤석,4,내야수,우투우타,1992년 02월 24일,180cm/87kg,0.256,77,184,156,30,40,8,1,0,50,19,8,1,12,0,7,41,4,0.321,0.335,0.656,8,0.302,0.300
79402,KT,김상수,KT7김상수,7,내야수,우투우타,1990년 03월 23일,175cm/68kg,0.254,113,423,355,42,90,14,0,5,119,47,5,7,52,1,4,57,8,0.335,0.349,0.684,20,0.287,0.250
78548,KT,장성우,KT22장성우,22,포수,우투우타,1990년 01월 17일,187cm/100kg,0.247,129,480,413,44,102,13,0,14,157,58,2,8,55,1,2,96,13,0.380,0.333,0.713,25,0.191,0.250
67025,KT,로하스,KT로하스,,외야수,우투양타,1990년 05월 24일,189cm/102kg,0.239,95,384,331,48,79,20,0,14,141,43,0,4,48,3,1,71,9,0.426,0.333,0.759,18,0.227,0.167
67006,KT,안치영,KT8안치영,8,외야수,우투좌타,1998년 05월 29일,176cm/72kg,0.227,47,56,44,9,10,1,0,1,14,6,4,1,4,0,3,13,1,0.318,0.327,0.645,1,0.308,0.000
51003,KT,권동진,KT52권동진,52,내야수,우투좌타,1998년 09월 12일,178cm/83kg,0.225,123,309,271,34,61,12,3,1,82,25,6,1,30,0,1,91,8,0.303,0.304,0.607,12,0.270,0.500
64007,KT,문상철,KT24문상철,24,내야수,우투우타,1991년 04월 06일,184cm/85kg,0.214,79,209,173,22,37,6,1,5,60,20,3,3,25,0,5,44,3,0.347,0.325,0.672,6,0.178,0.250
66706,KT,장진혁,KT51장진혁,51,외야수,우투좌타,1993년 09월 30일,184cm/90kg,0.209,86,157,139,19,29,3,1,4,46,19,4,1,13,0,0,46,1,0.331,0.275,0.606,5,0.184,0.167
64115,KT,장준원,KT56장준원,56,내야수,우투우타,1995년 11월 21일,183cm/77kg,0.207,73,154,140,10,29,3,0,1,35,11,5,1,8,0,0,27,5,0.250,0.248,0.498,6,0.182,0.000
64166,KT,배정대,KT27배정대,27,외야수,우투우타,1995년 06월 12일,185cm/80kg,0.204,99,276,240,25,49,11,2,2,70,28,7,3,19,0,7,65,4,0.292,0.279,0.571,11,0.281,0.143
52002,KT,김병준,KT14김병준,14,외야수,우투좌타,2003년 07월 03일,175cm/80kg,0.200,9,5,5,2,1,0,0,0,1,0,0,0,0,0,0,2,0,0.200,0.200,0.400,0,0.000,0.000
50066,KT,강현우,KT55강현우,55,포수,우투우타,2001년 04월 13일,180cm/90kg,0.188,40,78,64,5,12,1,0,1,16,8,3,1,10,0,0,14,1,0.250,0.293,0.543,2,0.235,0.364
68089,KT,조대현,KT42조대현,42,포수,우투우타,1999년 08월 06일,183cm/81kg,0.187,64,90,75,7,14,4,0,0,18,11,6,0,7,0,2,22,0,0.240,0.274,0.514,1,0.348,0.500
51013,KT,유준규,KT67유준규,67,외야수,우투좌타,2002년 08월 16일,176cm/69kg,0.118,35,41,34,13,4,2,0,0,6,3,0,0,7,0,0,13,0,0.176,0.268,0.444,0,0.111,0.000
51007,KT,최성민,KT31최성민,31,외야수,좌투좌타,2002년 07월 05일,179cm/84kg,0.105,32,21,19,3,2,0,0,0,2,2,1,0,1,0,0,5,0,0.105,0.150,0.255,0,0.500,0.000
50092,KT,윤준혁,KT31윤준혁,31,내야수,우투우타,2001년 07월 26일,186cm/86kg,0.059,28,18,17,4,1,1,0,0,2,0,1,0,0,0,0,5,0,0.118,0.059,0.177,0,0.000,0.000
69064,KT,강민성,KT5강민성,5,내야수,우투우타,1999년 12월 08일,180cm/85kg,0.033,25,36,30,0,1,0,0,0,1,1,0,1,5,0,0,15,1,0.033,0.167,0.200,0,0.000,0.000
51005,KT,김건형,KT0김건형,0,외야수,우투좌타,1996년 07월 12일,182cm/83kg,0.000,2,1,1,0,0,0,0,0,0,0,0,0,0,0,0,0,0,0.000,0.000,0.000,0,0.000,0.000
54097,KT,김민석,KT44김민석,44,포수,우투우타,2005년 07월 22일,181cm/93kg,-,2,0,0,0,0,0,0,0,0,0,0,0,0,0,0,0,0,-,-,-,0,0.000,0.000
73113,KT,박경수,KT73박경수,73,내야수,우투우타,1984년 03월 31일,178cm/80kg,-,1,0,0,0,0,0,0,0,0,0,0,0,0,0,0,0,0,-,-,-,0,0.000,0.000
64012,KT,송민섭,KT28송민섭,28,외야수,우투우타,1991년 08월 02일,177cm/80kg,-,3,0,0,0,0,0,0,0,0,0,0,0,0,0,0,0,0,-,-,-,0,0.000,0.000
55005,KT,오서진,KT25오서진,25,내야수,우투우타,2006년 02월 22일,188cm/80kg,-,3,0,0,0,0,0,0,0,0,0,0,0,0,0,0,0,0,-,-,-,0,0.000,0.000
62558,LG,김준태,LG44김준태,44,포수,우투좌타,1994년 07월 31일,175cm/91kg,1.000,2,2,1,1,1,0,0,0,1,0,0,0,1,0,0,0,0,1.000,1.000,2.000,0,0.000,1.000
54166,LG,김현종,LG66김현종,66,외야수,우투우타,2004년 08월 04일,186cm/85kg,0.400,10,6,5,3,2,1,0,0,3,0,0,0,1,0,0,1,1,0.600,0.500,1.100,0,0.000,0.500
65207,LG,신민재,LG4신민재,4,내야수,우투좌타,1996년 01월 21일,171cm/67kg,0.313,135,538,463,87,145,15,7,1,177,61,6,4,62,0,3,57,7,0.382,0.395,0.777,37,0.407,0.500
53123,LG,오스틴,LG23오스틴,23,내야수,우투우타,1993년 10월 14일,183cm/97kg,0.313,116,499,425,82,133,25,1,31,253,95,0,11,61,7,2,62,11,0.595,0.393,0.988,38,0.292,0.000
68119,LG,문성주,LG8문성주,8,외야수,좌투좌타,1997년 02월 20일,175cm/78kg,0.305,135,542,475,57,145,20,2,3,178,70,0,9,54,0,4,59,10,0.375,0.375,0.750,43,0.321,0.167
76290,LG,김현수,LG10김현수,10,외야수,우투좌타,1988년 01월 12일,188cm/105kg,0.298,140,552,483,66,144,24,0,12,204,90,0,1,64,1,4,73,10,0.422,0.384,0.806,36,0.362,0.400
66108,LG,홍창기,LG51홍창기,51,외야수,우투좌타,1993년 11월 21일,189cm/94kg,0.287,51,215,174,32,50,4,0,1,57,16,2,4,29,0,6,40,4,0.328,0.399,0.727,11,0.146,0.667
69100,LG,구본혁,LG6구본혁,6,내야수,우투우타,1997년 01월 11일,177cm/75kg,0.286,131,397,343,41,98,16,2,1,121,38,12,0,36,1,6,44,4,0.353,0.364,0.717,26,0.299,0.333
52103,LG,최원영,LG3최원영,3,외야수,우투우타,2003년 07월 18일,174cm/76kg,0.282,119,115,103,37,29,5,0,0,34,2,3,1,4,0,4,20,4,0.330,0.330,0.660,2,0.174,0.667
62415,LG,박해민,LG17박해민,17,외야수,우투좌타,1990년 02월 24일,180cm/75kg,0.276,144,544,442,80,122,18,2,3,153,43,22,4,68,0,8,94,7,0.346,0.379,0.725,29,0.231,0.000
69102,LG,문보경,LG2문보경,2,내야수,우투좌타,2000년 07월 19일,182cm/88kg,0.276,141,607,515,91,142,21,1,24,237,108,0,9,79,3,4,108,15,0.460,0.371,0.831,38,0.274,0.333
55164,LG,박관우,LG64박관우,64,외야수,좌투좌타,2006년 03월 22일,174cm/82kg,0.264,39,58,53,12,14,2,0,2,22,13,0,1,3,0,1,11,1,0.415,0.310,0.725,0,0.294,0.368
79109,LG,오지환,LG10오지환,10,내야수,우투좌타,1990년 03월 12일,185cm/80kg,0.253,127,472,419,57,106,24,1,16,180,62,7,6,37,0,3,115,4,0.430,0.314,0.744,27,0.283,0.333
79365,LG,박동원,LG27박동원,27,포수,우투우타,1990년 04월 07일,178cm/92kg,0.253,139,523,451,57,114,25,0,22,205,76,3,5,62,4,2,124,10,0.455,0.342,0.797,27,0.235,0.143
50054,LG,천성호,LG53천성호,53,내야수,우투좌타,1997년 10월 30일,183cm/85kg,0.237,83,199,173,24,41,9,2,1,57,17,4,0,17,0,5,29,2,0.329,0.323,0.652,8,0.250,0.154
52154,LG,이주헌,LG63이주헌,63,포수,우투우타,2003년 03월 04일,185cm/92kg,0.219,76,156,128,22,28,3,0,4,43,9,2,0,18,0,8,30,2,0.336,0.351,0.687,5,0.111,0.250
68110,LG,송찬의,LG55송찬의,55,외야수,우투우타,1999년 02월 20일,182cm/80kg,0.211,66,166,147,18,31,9,1,3,51,20,1,1,9,0,8,49,4,0.347,0.291,0.638,7,0.237,0.273
51100,LG,이영빈,LG7이영빈,7,내야수,우투좌타,2002년 06월 17일,182cm/82kg,0.208,44,75,72,12,15,1,1,3,27,9,1,1,1,0,0,35,1,0.375,0.216,0.591,1,0.238,0.000
52105,LG,김성우,LG63김성우,63,포수,우투우타,2003년 11월 15일,180cm/85kg,0.200,7,5,5,0,1,0,0,0,1,1,0,0,0,0,0,1,0,0.200,0.200,0.400,0,0.333,0.000
66162,LG,김주성,LG5김주성,5,외야수,우투우타,1998년 01월 30일,180cm/81kg,0.200,16,17,15,3,3,0,0,1,6,1,0,0,1,0,1,2,0,0.400,0.294,0.694,0,0.000,0.250
54156,LG,손용준,LG15손용준,15,내야수,우투우타,2000년 02월 15일,178cm/85kg,0.200,9,16,15,3,3,0,0,0,3,1,0,0,0,0,1,5,2,0.200,0.250,0.450,0,0.250,0.000
50108,LG,함창건,LG24함창건,24,외야수,좌투좌타,2001년 08월 18일,176cm/83kg,0.188,15,36,32,2,6,2,0,0,8,2,0,1,3,0,0,9,1,0.250,0.250,0.500,1,0.100,0.200
67504,LG,김정율,LG14김정율,14,내야수,우투우타,1998년 03월 18일,184cm/97kg,0.182,13,13,11,0,2,0,0,0,2,1,0,1,1,0,0,6,0,0.182,0.231,0.413,0,0.000,0.000
52121,LG,문정빈,LG56문정빈,56,내야수,우투우타,2003년 08월 15일,186cm/90kg,0.167,21,33,30,5,5,0,0,2,11,4,0,0,1,0,2,11,0,0.367,0.242,0.609,1,0.100,0.333
65905,LG,최승민,LG62최승민,62,외야수,우투좌타,1996년 07월 01일,181cm/73kg,0.000,19,6,5,6,0,0,0,0,0,0,0,0,1,0,0,2,0,0.000,0.167,0.167,0,0.000,0.000
66354,KIA,주효상,KIA22주효상,22,포수,우투좌타,1997년 11월 11일,183cm/95kg,0.333,8,17,15,1,5,2,0,0,7,1,0,0,2,0,0,4,0,0.467,0.412,0.879,1,0.667,0.000
78603,KIA,김선빈,KIA3김선빈,3,내야수,우투우타,1989년 12월 18일,165cm/77kg,0.321,84,308,271,31,87,18,1,3,116,46,2,1,31,0,3,35,9,0.428,0.395,0.823,25,0.352,0.333
52605,KIA,김도영,KIA5김도영,5,내야수,우투우타,2003년 10월 02일,183cm/85kg,0.309,30,122,110,20,34,9,0,7,64,27,0,2,10,1,0,23,3,0.582,0.361,0.943,10,0.294,1.000
72443,KIA,최형우,KIA34최형우,34,외야수,우투좌타,1983년 12월 16일,180cm/106kg,0.307,133,549,469,74,144,30,1,24,248,86,0,5,67,8,8,98,9,0.529,0.399,0.928,38,0.294,0.600
61353,KIA,고종욱,KIA57고종욱,57,외야수,우투좌타,1989년 01월 11일,184cm/83kg,0.296,46,123,115,13,34,2,0,3,45,16,0,3,5,1,0,17,2,0.391,0.317,0.708,7,0.321,0.438
64646,KIA,박찬호,KIA7박찬호,7,내야수,우투우타,1995년 06월 05일,178cm/72kg,0.287,134,595,516,75,148,18,2,5,185,42,8,6,62,0,3,69,7,0.359,0.363,0.722,37,0.294,0.000
65653,KIA,김호령,KIA27김호령,27,외야수,우투우타,1992년 04월 30일,178cm/85kg,0.283,105,381,332,46,94,26,3,6,144,39,8,1,34,0,6,94,4,0.434,0.359,0.793,26,0.270,0.000
52667,KIA,윤도현,KIA16윤도현,16,내야수,우투우타,2003년 05월 07일,181cm/84kg,0.275,40,160,149,24,41,7,2,6,70,17,2,0,8,0,1,36,1,0.470,0.316,0.786,12,0.296,0.000
67609,KIA,박정우,KIA1박정우,1,외야수,좌투좌타,1998년 02월 01일,175cm/68kg,0.274,53,75,62,17,17,2,0,0,19,4,0,0,10,0,3,12,1,0.306,0.400,0.706,2,0.267,0.000
62947,KIA,나성범,KIA47나성범,47,외야수,좌투좌타,1989년 10월 03일,183cm/100kg,0.268,82,310,261,30,70,16,0,10,116,36,0,1,42,1,6,79,6,0.444,0.381,0.825,16,0.257,0.400
69636,KIA,오선우,KIA56오선우,56,내야수,좌투좌타,1996년 12월 13일,186cm/95kg,0.265,124,474,437,58,116,17,1,18,189,56,0,0,34,2,3,158,11,0.432,0.323,0.755,32,0.239,0.143
67610,KIA,김석환,KIA35김석환,35,외야수,좌투좌타,1999년 02월 28일,187cm/97kg,0.265,47,134,117,14,31,1,2,2,42,16,0,1,14,0,2,55,0,0.359,0.351,0.710,7,0.345,0.625
55926,KIA,정현창,KIA12정현창,12,내야수,우투좌타,2006년 07월 14일,177cm/70kg,0.263,16,21,19,4,5,0,0,0,5,0,0,0,2,0,0,5,0,0.263,0.333,0.596,0,0.000,0.250
78122,KIA,김태군,KIA42김태군,42,포수,우투우타,1989년 12월 30일,182cm/92kg,0.258,100,274,236,20,61,10,1,5,88,31,8,3,17,1,10,20,9,0.373,0.331,0.704,16,0.278,0.000
63722,KIA,한승택,KIA45한승택,45,포수,우투우타,1994년 06월 21일,174cm/83kg,0.238,15,23,21,3,5,1,0,0,6,0,0,0,1,0,1,7,1,0.286,0.304,0.590,1,0.125,0.333
55645,KIA,위즈덤,KIA45위즈덤,45,내야수,우투우타,1991년 08월 27일,188cm/99kg,0.236,119,486,424,73,100,20,1,35,227,85,0,6,52,2,4,142,9,0.535,0.321,0.856,25,0.207,0.200
66614,KIA,김규성,KIA14김규성,14,내야수,우투좌타,1997년 03월 08일,185cm/88kg,0.233,133,222,193,30,45,4,0,3,58,16,5,1,21,0,2,49,1,0.301,0.313,0.614,9,0.204,0.714
68646,KIA,한준수,KIA25한준수,25,포수,우투좌타,1999년 02월 13일,184cm/95kg,0.225,103,276,244,33,55,12,1,7,90,26,0,3,26,1,3,48,4,0.369,0.304,0.673,11,0.197,0.261
69727,KIA,변우혁,KIA29변우혁,29,내야수,우투우타,2000년 03월 18일,185cm/100kg,0.218,47,153,142,11,31,7,0,0,38,17,0,0,10,0,1,47,3,0.268,0.275,0.543,9,0.311,0.200
50657,KIA,박민,KIA2박민,2,내야수,우투우타,2001년 06월 05일,184cm/84kg,0.202,71,105,94,11,19,5,0,1,27,6,3,0,5,0,3,33,1,0.287,0.265,0.552,4,0.211,0.250
65610,KIA,황대인,KIA34황대인,34,내야수,우투우타,1996년 02월 10일,178cm/100kg,0.189,18,57,53,3,10,3,0,1,16,8,0,1,3,0,0,14,0,0.302,0.228,0.530,3,0.250,0.000
65464,KIA,최정용,KIA23최정용,23,내야수,우투좌타,1996년 10월 24일,179cm/84kg,0.167,4,6,6,0,1,0,0,0,1,0,0,0,0,0,0,2,1,0.167,0.167,0.334,0,0.000,0.000
64560,KIA,이창진,KIA8이창진,8,외야수,우투우타,1991년 03월 04일,173cm/85kg,0.161,37,113,93,11,15,3,0,1,21,9,1,1,16,0,2,22,2,0.226,0.295,0.521,2,0.143,0.500
78168,KIA,서건창,KIA14서건창,14,내야수,우투좌타,1989년 08월 22일,176cm/84kg,0.136,10,26,22,1,3,1,0,1,7,2,2,0,2,0,0,5,1,0.318,0.208,0.526,0,0.000,0.333
55637,KIA,박헌,KIA113박헌,113,외야수,좌투좌타,2006년 01월 05일,185cm/90kg,0.083,8,14,12,0,1,0,0,0,1,0,0,0,1,0,1,3,0,0.083,0.214,0.297,0,0.000,0.000
55636,KIA,박재현,KIA15박재현,15,외야수,우투좌타,2006년 12월 08일,180cm/73kg,0.081,58,69,62,11,5,1,0,0,6,3,0,1,6,0,0,26,0,0.097,0.159,0.256,0,0.059,0.143
53659,KIA,정해원,KIA9정해원,9,외야수,우투우타,2004년 05월 21일,185cm/87kg,0.075,24,46,40,5,3,0,0,0,3,0,0,0,5,0,1,14,4,0.075,0.196,0.271,0,0.091,0.167
50204,두산,박지훈,두산37박지훈,37,내야수,우투우타,2000년 09월 07일,183cm/80kg,0.417,37,55,48,11,20,4,0,1,27,8,1,0,5,0,1,12,1,0.563,0.481,1.044,4,0.571,0.667
66233,두산,홍성호,두산34홍성호,34,외야수,우투좌타,1997년 07월 15일,187cm/98kg,0.346,9,27,26,3,9,1,0,2,16,3,0,0,1,1,0,8,0,0.615,0.370,0.985,3,0.250,0.333
76232,두산,양의지,두산25양의지,25,포수,우투우타,1987년 06월 05일,180cm/95kg,0.337,130,517,454,56,153,27,1,20,242,89,0,6,50,6,7,63,10,0.533,0.406,0.939,44,0.375,0.500
51203,두산,안재석,두산62안재석,62,내야수,우투좌타,2002년 02월 15일,185cm/75kg,0.319,35,147,135,25,43,16,1,4,73,20,1,0,11,1,0,27,3,0.541,0.370,0.911,15,0.500,0.000
55208,두산,케이브,두산8케이브,8,외야수,좌투좌타,1992년 12월 04일,183cm/90kg,0.299,136,593,538,72,161,28,6,16,249,87,0,8,43,1,4,116,7,0.463,0.351,0.814,52,0.310,0.000
55252,두산,박준순,두산52박준순,52,내야수,우투우타,2006년 07월 13일,180cm/80kg,0.284,91,298,282,34,80,11,2,4,107,19,2,3,10,1,1,56,6,0.379,0.307,0.686,19,0.246,0.000
54236,두산,임종성,두산3임종성,3,내야수,우투우타,2005년 03월 03일,183cm/90kg,0.277,33,89,83,7,23,4,0,2,33,11,1,1,3,0,1,26,1,0.398,0.307,0.705,4,0.333,1.000
64468,두산,박계범,두산9박계범,9,내야수,우투우타,1996년 01월 11일,177cm/84kg,0.263,94,198,175,23,46,9,2,1,62,27,7,1,14,0,1,45,4,0.354,0.319,0.673,9,0.345,0.300
50208,두산,오명진,두산6오명진,6,내야수,우투좌타,2001년 09월 04일,179cm/79kg,0.263,107,371,331,38,87,14,4,4,121,41,7,3,27,1,3,94,3,0.366,0.321,0.687,22,0.235,0.250
79231,두산,정수빈,두산31정수빈,31,외야수,좌투좌타,1990년 10월 07일,175cm/70kg,0.258,132,546,462,89,119,16,4,6,161,38,8,4,61,2,11,57,7,0.348,0.355,0.703,27,0.212,1.000
64153,두산,양석환,두산53양석환,53,내야수,우투우타,1991년 07월 15일,185cm/90kg,0.248,72,294,262,32,65,16,0,8,105,31,0,3,24,1,5,82,6,0.401,0.320,0.721,17,0.222,0.000
66112,두산,김기연,두산22김기연,22,포수,우투우타,1997년 09월 07일,178cm/106kg,0.247,100,245,219,19,54,9,0,2,69,24,4,2,19,0,1,44,8,0.315,0.307,0.622,12,0.228,0.278
66209,두산,조수행,두산51조수행,51,외야수,우투좌타,1993년 08월 30일,178cm/73kg,0.244,108,140,119,30,29,4,0,0,33,9,7,0,14,0,0,29,1,0.277,0.323,0.600,6,0.167,0.500
67207,두산,이유찬,두산13이유찬,13,내야수,우투우타,1998년 08월 05일,175cm/68kg,0.242,89,311,269,36,65,8,1,1,78,16,6,1,33,0,2,66,4,0.290,0.328,0.618,11,0.194,0.000
78224,두산,김재환,두산32김재환,32,외야수,우투좌타,1988년 09월 22일,184cm/98kg,0.241,103,407,344,42,83,13,2,13,139,50,0,2,57,3,4,96,4,0.404,0.354,0.758,19,0.253,0.000
52267,두산,김동준,두산11김동준,11,내야수,좌투좌타,2002년 09월 04일,193cm/100kg,0.237,36,100,93,8,22,3,0,2,31,10,1,0,5,0,1,30,2,0.333,0.283,0.616,3,0.259,0.333
63123,두산,강승호,두산23강승호,23,내야수,우투우타,1994년 02월 09일,178cm/88kg,0.236,115,400,360,51,85,19,3,8,134,37,2,3,24,2,11,113,7,0.372,0.302,0.674,19,0.224,0.333
53554,두산,김민석,두산2김민석,2,외야수,우투좌타,2004년 05월 09일,185cm/83kg,0.228,95,247,228,21,52,7,3,1,68,21,2,3,12,1,2,62,3,0.298,0.269,0.567,12,0.254,0.118
66928,두산,박준영,두산16박준영,16,내야수,우투우타,1997년 08월 05일,180cm/90kg,0.225,41,126,111,9,25,8,0,1,36,10,1,1,10,0,3,32,1,0.324,0.304,0.628,6,0.179,0.000
68362,두산,추재현,두산27추재현,27,외야수,좌투좌타,1999년 02월 22일,178cm/85kg,0.222,34,87,81,7,18,3,1,1,26,7,2,0,3,0,1,17,2,0.321,0.259,0.580,3,0.111,0.286
63257,두산,김인태,두산33김인태,33,외야수,좌투좌타,1994년 07월 03일,178cm/78kg,0.213,106,225,183,17,39,10,1,3,60,25,0,1,36,0,5,57,2,0.328,0.356,0.684,4,0.250,0.341
55226,두산,김준상,두산110김준상,110,내야수,우투좌타,2004년 08월 02일,184cm/75kg,0.200,9,17,15,1,3,1,0,0,4,0,1,0,0,0,1,8,0,0.267,0.250,0.517,1,0.000,0.000
69238,두산,김대한,두산32김대한,32,외야수,우투우타,2000년 12월 06일,185cm/83kg,0.194,16,37,36,1,7,0,0,1,10,5,0,0,1,0,0,6,0,0.278,0.216,0.494,2,0.167,0.000
55224,두산,이선우,두산이선우,,내야수,우투좌타,2006년 04월 04일,182cm/80kg,0.182,10,11,11,0,2,1,0,0,3,0,0,0,0,0,0,2,0,0.273,0.182,0.455,0,0.000,0.333
54219,두산,류현준,두산67류현준,67,포수,우투우타,2005년 03월 25일,182cm/92kg,0.136,17,22,22,2,3,0,0,0,3,1,0,0,0,0,0,6,1,0.136,0.136,0.272,0,0.143,0.250
65269,두산,김민혁,두산10김민혁,10,내야수,우투우타,1996년 05월 03일,188cm/100kg,0.118,10,21,17,2,2,0,0,1,5,1,0,0,4,0,0,6,0,0.294,0.286,0.580,0,0.000,0.000
54205,두산,여동건,두산27여동건,27,내야수,우투우타,2005년 08월 04일,175cm/75kg,0.105,19,21,19,6,2,0,0,0,2,2,0,0,2,0,0,2,1,0.105,0.190,0.295,0,0.333,0.333
54214,두산,전다민,두산9전다민,9,외야수,우투좌타,2001년 08월 21일,177cm/75kg,0.083,22,12,12,5,1,0,0,0,1,0,0,0,0,0,0,0,1,0.083,0.083,0.166,0,0.500,0.000
51269,두산,강현구,두산60강현구,60,외야수,우투우타,2002년 06월 16일,186cm/98kg,0.000,1,2,2,0,0,0,0,0,0,0,0,0,0,0,0,1,0,0.000,0.000,0.000,0,0.000,0.000
55216,두산,김성재,두산김성재,,포수,우투우타,2006년 05월 16일,182cm/98kg,0.000,1,1,1,0,0,0,0,0,0,0,0,0,0,0,0,0,0,0.000,0.000,0.000,0,0.000,0.000
74206,두산,김재호,두산김재호,,내야수,우투우타,1985년 03월 21일,181cm/75kg,-,1,0,0,0,0,0,0,0,0,0,0,0,0,0,0,0,0,-,-,-,0,0.000,0.000
53204,두산,박민준,두산26박민준,26,포수,우투우타,2002년 10월 21일,183cm/95kg,0.000,7,2,2,0,0,0,0,0,0,0,0,0,0,0,0,1,0,0.000,0.000,0.000,0,0.000,0.000
51298,두산,박성재,두산5박성재,5,내야수,우투우타,2002년 11월 18일,186cm/98kg,0.000,6,7,7,0,0,0,0,0,0,0,0,0,0,0,0,5,0,0.000,0.000,0.000,0,0.000,0.000
63202,두산,장승현,두산46장승현,46,포수,우투우타,1994년 03월 07일,184cm/86kg,0.000,4,2,2,0,0,0,0,0,0,0,0,0,0,0,0,0,1,0.000,0.000,0.000,0,0.000,0.000
52208,두산,천현재,두산58천현재,58,외야수,우투좌타,1999년 07월 05일,183cm/90kg,0.000,3,3,3,0,0,0,0,0,0,0,0,0,0,0,0,0,1,0.000,0.000,0.000,0,0.000,0.000
51903,NC,김정호,NC42김정호,42,포수,우투우타,1998년 07월 13일,172cm/84kg,0.444,8,11,9,3,4,0,0,0,4,0,1,0,0,0,1,4,0,0.444,0.500,0.944,1,0.000,0.000
50902,NC,김한별,NC13김한별,13,내야수,우투우타,2001년 01월 18일,177cm/85kg,0.313,76,72,64,14,20,2,0,0,22,5,2,0,3,0,3,5,2,0.344,0.371,0.715,3,0.429,0.000
62907,NC,박민우,NC2박민우,2,내야수,우투좌타,1993년 02월 06일,185cm/80kg,0.302,117,468,404,64,122,25,8,3,172,67,4,4,44,5,12,64,5,0.426,0.384,0.810,37,0.432,0.167
51907,NC,김주원,NC7김주원,7,내야수,우투양타,2002년 07월 30일,185cm/83kg,0.289,144,624,539,98,156,26,8,15,243,65,4,2,63,1,16,111,8,0.451,0.379,0.830,40,0.306,0.333
79215,NC,박건우,NC37박건우,37,외야수,우투우타,1990년 09월 08일,184cm/80kg,0.289,124,442,384,43,111,24,1,9,164,67,1,5,63,2,5,63,6,0.427,0.370,0.797,30,0.306,0.400
69992,NC,최정원,NC14최정원,14,내야수,우투좌타,2000년 06월 24일,176cm/70kg,0.275,91,155,120,40,33,3,0,0,36,11,4,1,18,0,12,22,0,0.300,0.417,0.717,9,0.194,0.250
69995,NC,서호철,NC5서호철,5,내야수,우투우타,1996년 10월 16일,179cm/85kg,0.266,103,292,263,25,70,7,1,3,88,30,10,4,8,0,7,51,7,0.335,0.301,0.636,16,0.247,0.143
50906,NC,박영빈,NC119박영빈,119,외야수,우투좌타,1997년 07월 16일,182cm/88kg,0.250,16,5,4,8,1,0,0,0,1,1,0,0,1,0,0,2,0,0.250,0.400,0.650,0,1.000,0.000
51996,NC,오태양,NC6오태양,6,내야수,우투우타,2002년 04월 25일,180cm/78kg,0.250,14,13,12,6,3,0,0,0,3,1,0,0,1,0,0,3,0,0.250,0.308,0.558,0,0.750,0.000
63260,NC,이우성,NC55이우성,55,외야수,우투우타,1994년 07월 17일,182cm/95kg,0.250,105,337,300,28,75,22,1,3,108,33,1,3,31,0,2,66,8,0.360,0.321,0.681,19,0.213,0.385
51344,NC,김휘집,NC44김휘집,44,내야수,우투우타,2002년 01월 01일,180cm/92kg,0.249,142,500,429,64,107,18,2,17,180,56,2,2,40,0,27,89,9,0.420,0.349,0.769,29,0.242,0.333
63963,NC,권희동,NC36권희동,36,외야수,우투우타,1990년 12월 30일,177cm/85kg,0.246,136,456,358,56,88,24,0,6,130,39,8,2,77,0,11,80,10,0.363,0.393,0.756,21,0.247,0.077
66606,NC,최원준,NC3최원준,3,외야수,우투좌타,1997년 03월 23일,178cm/85kg,0.242,126,449,413,62,100,13,3,6,137,44,2,5,23,0,6,71,5,0.332,0.289,0.621,24,0.224,0.200
67905,NC,천재환,NC23천재환,23,외야수,우투우타,1994년 04월 01일,181cm/83kg,0.238,129,294,261,47,62,10,3,6,96,31,6,5,17,0,5,58,3,0.368,0.292,0.660,12,0.242,0.200
68904,NC,오영수,NC34오영수,34,내야수,우투좌타,2000년 01월 30일,178cm/93kg,0.232,67,179,155,14,36,5,0,3,50,23,0,0,22,0,2,47,0,0.323,0.335,0.658,9,0.262,0.273
68912,NC,김형준,NC25김형준,25,포수,우투우타,1999년 11월 02일,187cm/98kg,0.232,127,415,362,51,84,10,1,18,150,55,3,2,45,0,3,126,7,0.414,0.320,0.734,18,0.290,0.250
50996,NC,박시원,NC53박시원,53,외야수,우투좌타,2001년 05월 30일,185cm/85kg,0.204,52,60,54,12,11,2,0,1,16,4,1,0,5,0,0,18,1,0.296,0.271,0.567,0,0.250,0.375
54908,NC,고승완,NC58고승완,58,외야수,우투좌타,2001년 03월 15일,178cm/81kg,0.200,17,11,10,5,2,0,0,0,2,0,0,0,1,0,0,5,0,0.200,0.273,0.473,0,0.000,0.333
69203,NC,송승환,NC8송승환,8,외야수,우투우타,2000년 10월 28일,183cm/93kg,0.200,13,15,15,0,3,1,0,0,4,2,0,0,0,0,0,6,0,0.267,0.200,0.467,0,0.667,0.286
64101,NC,한석현,NC33한석현,33,외야수,좌투좌타,1994년 05월 17일,181cm/73kg,0.195,61,138,113,18,22,5,0,3,36,21,4,2,12,0,7,27,1,0.319,0.306,0.625,6,0.267,0.167
50903,NC,한재환,NC35한재환,35,내야수,우투우타,2001년 10월 19일,177cm/89kg,0.185,16,31,27,2,5,0,0,0,5,4,0,0,2,0,2,14,0,0.185,0.290,0.475,0,0.300,0.200
50600,NC,홍종표,NC10홍종표,10,내야수,우투좌타,2000년 05월 02일,178cm/72kg,0.164,62,85,73,16,12,0,0,0,12,3,4,1,7,0,0,23,1,0.164,0.235,0.399,1,0.091,0.000
62244,NC,박세혁,NC52박세혁,52,포수,우투좌타,1990년 01월 09일,181cm/86kg,0.163,48,93,86,8,14,3,0,2,23,10,0,1,5,0,1,28,4,0.267,0.215,0.482,3,0.219,0.091
64022,NC,안중열,NC22안중열,22,포수,우투우타,1995년 09월 01일,176cm/87kg,0.143,33,60,49,2,7,3,0,0,10,6,1,0,8,0,2,15,0,0.204,0.288,0.492,0,0.182,0.000
53992,NC,박한결,NC13박한결,13,외야수,우투우타,2004년 04월 26일,181cm/90kg,0.118,8,19,17,2,2,0,0,2,8,3,0,0,2,0,0,8,0,0.471,0.211,0.682,0,0.250,0.000
69980,NC,김범준,NC115김범준,115,외야수,우투우타,2000년 04월 20일,183cm/90kg,0.000,1,1,1,0,0,0,0,0,0,0,0,0,0,0,0,1,0,0.000,0.000,0.000,0,0.000,0.000
50901,NC,안인산,NC50안인산,50,내야수,우투우타,2001년 02월 27일,181cm/95kg,0.000,4,7,6,0,0,0,0,0,0,1,0,1,0,0,0,3,0,0.000,0.000,0.000,0,0.000,0.000
55509,롯데,박건우,롯데69박건우,69,포수,우투우타,2003년 02월 01일,183cm/92kg,0.667,6,3,3,1,2,0,0,0,2,1,0,0,0,0,0,1,0,0.667,0.667,1.334,0,1.000,0.000
55530,롯데,박찬형,롯데60박찬형,60,내야수,우투좌타,2002년 10월 17일,175cm/78kg,0.341,48,148,129,21,44,8,2,3,65,19,0,1,11,1,7,26,1,0.504,0.419,0.923,10,0.364,0.625
54529,롯데,레이예스,롯데29레이예스,29,외야수,우투양타,1994년 10월 05일,196cm/87kg,0.326,144,643,573,75,187,44,1,13,272,107,0,9,58,17,3,66,25,0.475,0.386,0.861,60,0.375,0.000
78513,롯데,전준우,롯데8전준우,8,외야수,우투우타,1986년 02월 25일,184cm/98kg,0.293,114,472,410,50,120,26,1,8,172,70,3,6,44,2,9,71,9,0.420,0.369,0.789,29,0.359,0.250
68205,롯데,전민재,롯데13전민재,13,내야수,우투우타,1999년 06월 30일,181cm/73kg,0.287,101,369,331,39,95,15,0,5,125,34,10,2,22,0,4,63,7,0.378,0.337,0.715,27,0.253,0.000
55563,롯데,박재엽,롯데26박재엽,26,포수,우투우타,2006년 01월 23일,184cm/92kg,0.286,9,16,14,2,4,1,0,1,8,3,0,0,2,0,0,5,0,0.571,0.375,0.946,1,0.200,0.000
52591,롯데,윤동희,롯데91윤동희,91,외야수,우투우타,2003년 09월 18일,187cm/85kg,0.282,97,399,330,54,93,21,1,9,143,53,3,6,49,2,11,65,12,0.433,0.386,0.819,26,0.292,0.500
61102,롯데,유강남,롯데27유강남,27,포수,우투우타,1992년 07월 15일,182cm/88kg,0.274,110,350,303,35,83,18,0,5,116,38,3,5,26,0,13,66,11,0.383,0.352,0.735,18,0.204,0.417
52568,롯데,한태양,롯데6한태양,6,내야수,우투우타,2003년 09월 15일,181cm/76kg,0.274,108,267,230,42,63,14,2,2,87,22,3,0,32,0,2,69,3,0.378,0.367,0.745,11,0.274,0.167
69517,롯데,고승민,롯데2고승민,2,내야수,우투좌타,2000년 08월 11일,189cm/92kg,0.271,121,538,469,71,127,21,2,4,164,45,6,4,56,1,3,83,8,0.350,0.350,0.700,36,0.241,0.000
62931,롯데,노진혁,롯데52노진혁,52,내야수,우투좌타,1989년 07월 15일,184cm/80kg,0.270,28,69,63,11,17,1,2,1,25,5,0,0,5,0,1,20,0,0.397,0.333,0.730,2,0.188,0.267
68507,롯데,장두성,롯데7장두성,7,외야수,우투좌타,1999년 09월 16일,176cm/75kg,0.262,118,284,248,51,65,3,3,0,74,25,7,2,24,0,3,64,3,0.298,0.332,0.630,19,0.269,0.000
50500,롯데,황성빈,롯데0황성빈,0,외야수,우투좌타,1997년 12월 19일,172cm/76kg,0.256,79,273,246,43,63,4,4,1,78,22,3,2,18,0,4,46,3,0.317,0.315,0.632,19,0.213,0.000
50150,롯데,손호영,롯데33손호영,33,외야수,우투우타,1994년 08월 23일,182cm/88kg,0.250,97,375,328,39,82,12,0,4,106,41,11,4,22,0,10,66,9,0.323,0.313,0.636,24,0.321,0.000
77564,롯데,김민성,롯데16김민성,16,내야수,우투우타,1988년 12월 17일,181cm/94kg,0.243,96,254,214,25,52,13,0,3,74,35,2,1,33,1,4,48,7,0.346,0.353,0.699,12,0.233,0.235
54598,롯데,이호준,롯데30이호준,30,내야수,우투좌타,2004년 03월 20일,172cm/72kg,0.242,99,153,132,20,32,7,4,3,56,23,3,1,14,0,3,33,3,0.424,0.327,0.751,6,0.313,0.000
51551,롯데,나승엽,롯데51나승엽,51,내야수,우투좌타,2002년 02월 15일,190cm/82kg,0.229,105,392,328,40,75,12,2,9,118,44,3,1,55,2,5,65,10,0.360,0.347,0.707,13,0.275,0.571
52504,롯데,김동혁,롯데50김동혁,50,외야수,좌투좌타,2000년 09월 15일,177cm/77kg,0.225,93,114,89,19,20,4,1,0,26,6,4,0,18,0,3,26,3,0.292,0.373,0.665,4,0.235,0.000
60523,롯데,정훈,롯데9정훈,9,내야수,우투우타,1987년 07월 18일,180cm/85kg,0.216,77,200,185,14,40,11,0,2,57,11,2,0,10,1,3,40,4,0.308,0.268,0.576,7,0.140,0.083
62802,롯데,박승욱,롯데53박승욱,53,내야수,우투좌타,1992년 12월 04일,184cm/83kg,0.190,54,92,84,10,16,3,0,0,19,5,2,0,5,0,1,30,0,0.226,0.244,0.470,2,0.200,0.000
68518,롯데,정보근,롯데42정보근,42,포수,우투우타,1999년 08월 31일,175cm/94kg,0.186,93,152,129,4,24,4,1,1,33,15,4,0,18,1,1,39,4,0.256,0.291,0.547,3,0.293,0.000
69508,롯데,신윤후,롯데3신윤후,3,외야수,우투우타,1996년 01월 05일,177cm/77kg,0.167,12,13,12,1,2,0,0,0,2,0,1,0,0,0,0,3,0,0.167,0.167,0.334,0,0.000,0.000
62884,롯데,최항,롯데최항,,내야수,우투좌타,1994년 01월 03일,183cm/88kg,0.167,8,7,6,1,1,0,0,0,1,1,0,0,1,0,0,4,0,0.167,0.286,0.453,0,0.250,0.000
51528,롯데,손성빈,롯데28손성빈,28,포수,우투우타,2002년 01월 14일,186cm/92kg,0.145,51,69,62,6,9,0,0,1,12,3,2,0,4,0,1,20,1,0.194,0.209,0.403,0,0.125,0.000
52516,롯데,조세진,롯데12조세진,12,외야수,우투우타,2003년 11월 21일,181cm/86kg,0.143,12,9,7,1,1,0,0,0,1,0,0,0,2,0,0,4,0,0.143,0.333,0.476,0,0.000,0.000
55506,롯데,한승현,롯데136한승현,136,외야수,우투우타,2006년 10월 29일,183cm/80kg,0.059,19,19,17,1,1,0,0,0,1,1,0,1,1,0,0,6,0,0.059,0.105,0.164,0,0.000,0.000
54567,롯데,강성우,롯데51강성우,51,내야수,우투우타,2005년 04월 12일,182cm/77kg,-,1,0,0,0,0,0,0,0,0,0,0,0,0,0,0,0,0,-,-,-,0,0.000,0.000
54506,롯데,강승구,롯데110강승구,110,포수,우투우타,2003년 10월 19일,180cm/83kg,0.000,1,1,1,0,0,0,0,0,0,0,0,0,0,0,0,0,0,0.000,0.000,0.000,0,0.000,0.000
50608,롯데,이인한,롯데102이인한,102,외야수,우투우타,1998년 12월 24일,183cm/95kg,-,4,0,0,0,0,0,0,0,0,0,0,0,0,0,0,0,0,-,-,-,0,0.000,0.000
55511,롯데,이태경,롯데11이태경,11,내야수,우투우타,2002년 11월 24일,176cm/77kg,0.000,2,1,1,0,0,0,0,0,0,0,0,0,0,0,0,1,0,0.000,0.000,0.000,0,0.000,0.000
52803,SSG,김태윤,SSG36김태윤,36,내야수,우투좌타,2003년 02월 28일,170cm/65kg,0.500,8,4,2,0,1,0,0,0,1,0,0,0,2,0,0,0,0,0.500,0.750,1.250,0,0.000,1.000
54815,SSG,정현승,SSG17정현승,17,외야수,좌투좌타,2001년 10월 24일,180cm/80kg,0.500,3,2,2,0,1,1,0,0,2,0,0,0,0,0,0,0,0,1.000,0.500,1.500,0,0.000,0.000
53827,SSG,에레디아,SSG27에레디아,27,외야수,좌투우타,1991년 01월 31일,178cm/88kg,0.339,96,415,375,46,127,18,0,13,184,54,0,2,31,4,7,62,9,0.491,0.398,0.889,36,0.366,0.000
50840,SSG,현원회,SSG8현원회,8,내야수,우투우타,2001년 07월 08일,180cm/95kg,0.305,21,62,59,6,18,1,0,1,22,6,0,0,3,0,0,16,3,0.373,0.339,0.712,4,0.235,0.500
50868,SSG,류효승,SSG45류효승,45,외야수,우투우타,1996년 07월 16일,190cm/100kg,0.287,27,103,94,18,27,5,0,6,50,16,0,0,7,0,2,28,1,0.532,0.350,0.882,7,0.273,0.500
50854,SSG,최지훈,SSG54최지훈,54,외야수,우투좌타,1997년 07월 23일,178cm/82kg,0.284,140,574,517,66,147,16,4,7,192,45,4,5,43,2,5,87,2,0.371,0.342,0.713,37,0.280,0.286
51868,SSG,고명준,SSG18고명준,18,내야수,우투우타,2002년 07월 08일,185cm/94kg,0.278,130,500,471,46,131,20,1,17,204,64,0,7,20,1,2,99,12,0.433,0.306,0.739,43,0.235,0.000
67893,SSG,박성한,SSG2박성한,2,내야수,우투좌타,1998년 03월 30일,180cm/77kg,0.274,127,538,452,73,124,23,2,7,172,48,2,2,79,1,3,93,6,0.381,0.384,0.765,31,0.275,0.500
62895,SSG,한유섬,SSG35한유섬,35,외야수,우투좌타,1989년 08월 09일,190cm/105kg,0.273,128,511,455,50,124,24,0,15,193,71,1,2,46,3,7,120,6,0.424,0.347,0.771,36,0.291,0.333
52804,SSG,석정우,SSG52석정우,52,내야수,우투우타,1999년 01월 20일,180cm/82kg,0.265,27,54,49,3,13,1,0,2,20,4,0,0,4,0,1,18,1,0.408,0.333,0.741,0,0.300,0.000
66864,SSG,안상현,SSG10안상현,10,내야수,우투우타,1997년 01월 27일,178cm/74kg,0.264,102,289,258,38,68,8,2,6,98,15,9,2,18,0,2,85,2,0.380,0.314,0.694,19,0.200,0.000
54812,SSG,정준재,SSG3정준재,3,내야수,우투좌타,2003년 01월 03일,165cm/68kg,0.245,132,442,371,58,91,10,3,0,107,25,16,1,51,0,3,93,4,0.288,0.340,0.628,21,0.276,0.267
75847,SSG,최정,SSG14최정,14,내야수,우투우타,1987년 02월 28일,180cm/90kg,0.244,95,406,340,54,83,12,0,23,164,63,0,3,51,6,12,94,10,0.482,0.360,0.842,22,0.247,0.000
79456,SSG,이지영,SSG56이지영,56,포수,우투우타,1986년 02월 27일,177cm/88kg,0.239,76,216,197,13,47,6,1,3,64,18,4,2,11,0,2,22,8,0.325,0.283,0.608,14,0.177,0.000
51865,SSG,조형우,SSG20조형우,20,포수,우투우타,2002년 04월 04일,187cm/95kg,0.238,102,294,269,23,64,8,0,4,84,29,1,2,19,0,3,64,5,0.312,0.294,0.606,13,0.244,0.000
55832,SSG,이율예,SSG22이율예,22,포수,우투우타,2006년 11월 21일,183cm/90kg,0.231,8,13,13,3,3,0,0,3,12,7,0,0,0,0,0,6,0,0.923,0.231,1.154,0,0.250,0.000
76802,SSG,김성현,SSG6김성현,6,내야수,우투우타,1987년 03월 09일,172cm/72kg,0.217,59,137,115,15,25,3,0,1,31,11,4,1,16,0,1,20,4,0.270,0.316,0.586,2,0.226,0.375
55844,SSG,맥브룸,SSG맥브룸,,외야수,좌투우타,1992년 04월 09일,190cm/99kg,0.203,22,80,74,8,15,3,0,4,30,11,0,0,5,2,1,28,2,0.405,0.263,0.668,4,0.261,0.000
60558,SSG,오태곤,SSG37오태곤,37,외야수,우투우타,1991년 11월 18일,186cm/88kg,0.201,122,229,194,31,39,6,0,5,60,26,3,1,30,0,1,59,4,0.309,0.310,0.619,9,0.196,0.242
54806,SSG,이승민,SSG9이승민,9,외야수,좌투좌타,2005년 01월 06일,187cm/90kg,0.200,2,5,5,0,1,0,0,0,1,0,0,0,0,0,0,2,0,0.200,0.200,0.400,0,0.000,1.000
55897,SSG,홍대인,SSG97홍대인,97,내야수,우투좌타,2001년 11월 23일,174cm/76kg,0.200,14,5,5,3,1,0,0,0,1,0,0,0,0,0,0,2,0,0.200,0.200,0.400,0,0.000,0.000
62934,SSG,김성욱,SSG31김성욱,31,외야수,우투우타,1993년 05월 01일,181cm/83kg,0.195,56,132,123,10,24,6,0,2,36,13,1,0,7,0,1,35,2,0.293,0.244,0.537,5,0.189,0.000
68868,SSG,최준우,SSG7최준우,7,외야수,우투좌타,1999년 03월 25일,175cm/78kg,0.191,78,192,152,17,29,0,0,3,38,22,3,4,30,0,3,47,3,0.250,0.328,0.578,5,0.262,0.148
69804,SSG,채현우,SSG15채현우,15,외야수,우투우타,1995년 11월 21일,182cm/80kg,0.188,41,52,48,8,9,1,1,1,15,9,0,1,3,0,0,13,1,0.313,0.231,0.544,2,0.231,0.000
66662,SSG,신범수,SSG25신범수,25,포수,우투좌타,1998년 01월 25일,177cm/83kg,0.182,29,39,33,1,6,1,0,1,10,3,0,0,5,0,1,7,0,0.303,0.308,0.611,0,0.143,0.400
66917,SSG,김찬형,SSG5김찬형,5,내야수,우투우타,1997년 12월 29일,182cm/83kg,0.178,44,78,73,4,13,2,0,0,15,5,1,0,3,0,1,13,3,0.205,0.221,0.426,3,0.250,0.000
54805,SSG,박지환,SSG0박지환,0,외야수,우투우타,2005년 07월 12일,183cm/75kg,0.150,31,68,60,3,9,0,0,0,9,4,3,1,4,0,0,19,1,0.150,0.200,0.350,1,0.176,0.000
68805,SSG,최상민,SSG최상민,,외야수,좌투좌타,1999년 08월 20일,178cm/75kg,0.143,23,9,7,5,1,0,0,0,1,1,0,0,1,0,1,5,0,0.143,0.333,0.476,0,0.000,0.000
69813,SSG,하재훈,SSG24하재훈,24,외야수,우투우타,1990년 10월 29일,182cm/90kg,0.143,18,61,56,6,8,0,0,3,17,8,0,1,4,0,0,21,1,0.304,0.197,0.501,1,0.167,0.000
67900,SSG,김수윤,SSG김수윤,,내야수,우투우타,1998년 07월 16일,180cm/83kg,0.091,7,12,11,0,1,0,0,0,1,0,0,0,0,0,1,4,0,0.091,0.167,0.258,0,0.000,0.000
71837,SSG,김강민,SSG김강민,,외야수,우투우타,1982년 09월 13일,182cm/87kg,-,1,0,0,0,0,0,0,0,0,0,0,0,0,0,0,0,0,-,-,-,0,0.000,0.000
69825,SSG,김창평,SSG64김창평,64,외야수,우투좌타,2000년 06월 14일,185cm/85kg,-,4,0,0,1,0,0,0,0,0,0,0,0,0,0,0,0,0,-,-,-,0,0.000,0.000
67807,SSG,이정범,SSG0이정범,0,외야수,좌투좌타,1998년 04월 10일,178cm/88kg,0.000,3,3,3,0,0,0,0,0,0,0,0,0,0,0,0,2,0,0.000,0.000,0.000,0,0.000,0.000
52807,SSG,임근우,SSG63임근우,63,외야수,우투우타,1999년 07월 22일,180cm/88kg,0.000,3,5,5,0,0,0,0,0,0,0,0,0,0,0,0,1,0,0.000,0.000,0.000,0,0.000,0.000
55712,한화,이승현,한화8이승현,8,내야수,우투좌타,2002년 07월 23일,172cm/77kg,1.000,4,1,1,1,1,0,1,0,3,1,0,0,0,0,0,0,0,3.000,1.000,4.000,0,1.000,1.000
51762,한화,장규현,한화32장규현,32,포수,우투좌타,2002년 06월 28일,183cm/96kg,1.000,2,2,1,1,1,0,0,0,1,0,0,0,1,0,0,0,0,1.000,1.000,2.000,0,0.000,0.000
53764,한화,문현빈,한화51문현빈,51,외야수,우투좌타,2004년 04월 20일,174cm/82kg,0.320,141,592,528,71,169,30,2,12,239,80,5,11,38,2,10,82,11,0.453,0.370,0.823,53,0.319,0.250
55703,한화,리베라토,한화0리베라토,0,외야수,좌투좌타,1995년 12월 18일,185cm/79kg,0.313,62,273,246,41,77,18,2,10,129,39,0,4,23,0,0,47,3,0.524,0.366,0.890,22,0.339,0.000
62700,한화,하주석,한화30하주석,30,내야수,우투좌타,1994년 02월 25일,185cm/92kg,0.297,95,305,276,34,82,14,0,4,108,28,11,1,12,0,5,66,10,0.391,0.337,0.728,24,0.329,0.091
77532,한화,손아섭,한화24손아섭,24,외야수,우투좌타,1988년 03월 18일,174cm/84kg,0.288,111,416,372,39,107,22,3,1,138,50,4,2,37,2,1,59,3,0.371,0.352,0.723,24,0.310,0.222
79192,한화,채은성,한화22채은성,22,내야수,우투우타,1990년 02월 06일,186cm/92kg,0.288,132,527,480,54,138,27,1,19,224,88,3,0,31,5,13,96,4,0.467,0.347,0.814,39,0.333,0.000
78288,한화,최재훈,한화13최재훈,13,포수,우투우타,1989년 08월 27일,178cm/94kg,0.286,121,348,269,28,77,15,0,1,95,35,10,6,46,0,17,48,4,0.353,0.414,0.767,16,0.355,0.000
66657,한화,이진영,한화10이진영,10,외야수,우투우타,1997년 07월 21일,183cm/89kg,0.274,115,366,321,49,88,13,0,11,134,43,0,5,38,0,2,93,8,0.417,0.350,0.767,19,0.239,0.250
54795,한화,황영묵,한화95황영묵,95,내야수,우투좌타,1999년 10월 16일,177cm/80kg,0.273,117,286,260,40,71,17,1,1,93,22,2,1,20,0,2,37,4,0.358,0.329,0.687,18,0.300,0.455
55734,한화,플로리얼,한화플로리얼,,외야수,우투좌타,1997년 11월 25일,185cm/88kg,0.271,65,285,258,36,70,18,2,8,116,29,0,2,24,2,1,65,2,0.450,0.333,0.783,21,0.222,0.000
66704,한화,김태연,한화25김태연,25,외야수,우투우타,1997년 06월 10일,178cm/96kg,0.261,120,340,303,40,79,15,0,3,103,20,6,0,23,0,8,62,10,0.340,0.329,0.669,19,0.197,0.067
65703,한화,이도윤,한화5이도윤,5,내야수,우투좌타,1996년 10월 07일,175cm/79kg,0.260,113,277,250,37,65,11,3,1,85,36,10,3,11,1,3,52,5,0.340,0.296,0.636,13,0.250,0.400
69737,한화,노시환,한화8노시환,8,내야수,우투우타,2000년 12월 03일,185cm/105kg,0.260,144,624,539,97,140,28,2,32,268,101,0,4,70,10,11,125,22,0.497,0.354,0.851,37,0.290,0.000
50707,한화,최인호,한화41최인호,41,외야수,우투좌타,2000년 01월 30일,178cm/82kg,0.259,78,159,139,7,36,9,0,2,51,19,1,1,13,0,5,29,5,0.367,0.342,0.709,6,0.300,0.308
64006,한화,심우준,한화7심우준,7,내야수,우투우타,1995년 04월 28일,183cm/75kg,0.231,94,275,247,39,57,9,1,2,74,22,7,1,17,0,3,49,4,0.300,0.287,0.587,9,0.250,0.000
68700,한화,이원석,한화37이원석,37,외야수,우투우타,1999년 03월 31일,177cm/80kg,0.203,129,248,212,60,43,7,0,4,62,24,7,2,23,0,4,51,4,0.292,0.290,0.582,11,0.149,0.500
52704,한화,이상혁,한화31이상혁,31,외야수,우투좌타,2001년 09월 14일,174cm/65kg,0.200,39,12,10,14,2,1,0,0,3,2,1,0,0,0,1,3,0,0.300,0.273,0.573,0,0.250,0.000
76812,한화,이재원,한화20이재원,20,포수,우투우타,1988년 02월 24일,185cm/98kg,0.200,98,151,125,4,25,2,1,1,32,12,8,3,14,0,1,23,3,0.256,0.280,0.536,3,0.162,0.000
79608,한화,안치홍,한화9안치홍,9,내야수,우투우타,1990년 07월 02일,178cm/97kg,0.172,66,196,174,9,30,4,0,2,40,18,4,1,16,2,1,39,4,0.230,0.245,0.475,5,0.238,0.200
52764,한화,허인서,한화59허인서,59,포수,우투우타,2003년 07월 11일,182cm/93kg,0.172,20,30,29,2,5,1,0,0,6,2,0,0,0,0,1,12,1,0.207,0.200,0.407,0,0.182,0.333
52769,한화,권광민,한화17권광민,17,외야수,좌투좌타,1997년 12월 12일,189cm/102kg,0.167,15,18,18,2,3,1,0,0,4,0,0,0,0,0,0,5,1,0.222,0.167,0.389,0,0.000,0.250
50704,한화,임종찬,한화9임종찬,9,외야수,우투좌타,2001년 09월 28일,184cm/85kg,0.167,17,35,30,2,5,1,0,1,9,2,0,0,5,0,0,13,0,0.300,0.286,0.586,1,0.200,0.000
69766,한화,유로결,한화33유로결,33,외야수,우투우타,2000년 05월 30일,186cm/83kg,0.154,20,16,13,1,2,0,0,0,2,0,2,0,0,0,1,4,0,0.154,0.214,0.368,0,0.000,0.000
66715,한화,김인환,한화37김인환,37,내야수,우투좌타,1994년 01월 28일,186cm/100kg,0.080,10,26,25,2,2,0,0,1,5,3,0,0,1,0,0,9,1,0.200,0.115,0.315,0,0.167,0.000
50709,한화,박정현,한화63박정현,63,내야수,우투우타,2001년 07월 27일,183cm/80kg,0.000,2,2,2,0,0,0,0,0,0,0,0,0,0,0,0,1,0,0.000,0.000,0.000,0,0.000,0.000
55710,한화,이민재,한화9이민재,9,외야수,우투좌타,2004년 03월 07일,184cm/80kg,0.000,3,4,4,0,0,0,0,0,0,0,0,0,0,0,0,1,1,0.000,0.000,0.000,0,0.000,0.000
54305,키움,이재상,키움5이재상,5,내야수,우투우타,2005년 04월 17일,183cm/85kg,0.500,2,2,2,0,1,0,0,0,1,0,0,0,0,0,0,1,0,0.500,0.500,1.000,0,0.000,0.000
65357,키움,송성문,키움24송성문,24,내야수,우투좌타,1996년 08월 29일,183cm/88kg,0.315,144,646,574,103,181,37,4,26,304,90,0,3,68,5,1,96,6,0.530,0.387,0.917,53,0.372,0.333
51302,키움,이주형,키움58이주형,58,내야수,좌투좌타,2002년 07월 05일,183cm/105kg,0.313,11,17,16,2,5,0,0,0,5,2,0,0,1,0,0,7,0,0.313,0.353,0.666,1,0.600,0.143
76267,키움,최주환,키움53최주환,53,내야수,우투좌타,1988년 02월 28일,177cm/73kg,0.275,120,506,459,45,126,31,1,12,195,74,0,6,36,2,5,66,8,0.425,0.330,0.755,33,0.291,0.500
53344,키움,김동헌,키움44김동헌,44,포수,우투우타,2004년 07월 15일,182cm/91kg,0.268,49,91,82,8,22,3,0,0,25,8,0,1,7,0,1,23,0,0.305,0.330,0.635,3,0.292,0.600
68305,키움,변상권,키움5변상권,5,외야수,우투좌타,1997년 04월 04일,180cm/84kg,0.263,12,20,19,2,5,2,0,0,7,4,0,1,0,0,0,2,0,0.368,0.250,0.618,0,0.333,0.167
54444,키움,카디네스,키움4카디네스,4,외야수,우투우타,1997년 10월 10일,185cm/93kg,0.253,86,361,320,33,81,15,1,7,119,42,0,3,32,2,6,67,7,0.372,0.330,0.702,21,0.284,0.000
50304,키움,김병휘,키움23김병휘,23,내야수,우투우타,2001년 02월 16일,177cm/79kg,0.250,7,6,4,2,1,0,0,0,1,0,0,0,2,0,0,1,0,0.250,0.500,0.750,0,0.000,0.000
69332,키움,주성원,키움25주성원,25,외야수,우투우타,2000년 08월 30일,182cm/95kg,0.250,58,174,156,21,39,6,0,1,48,12,0,1,13,0,4,45,2,0.308,0.322,0.630,10,0.212,0.300
64340,키움,임지열,키움29임지열,29,외야수,우투우타,1995년 08월 22일,180cm/94kg,0.244,102,417,369,51,90,14,2,11,141,50,1,3,42,0,2,111,11,0.382,0.322,0.704,19,0.310,0.600
53312,키움,김건희,키움12김건희,12,포수,우투우타,2004년 11월 07일,186cm/96kg,0.242,105,344,322,24,78,20,2,3,111,25,7,2,13,0,0,102,10,0.345,0.270,0.615,19,0.224,0.200
55326,키움,스톤,키움스톤,,외야수,우투우타,1995년 11월 22일,185cm/103kg,0.241,22,93,87,4,21,0,0,2,27,15,0,1,5,0,0,24,2,0.310,0.280,0.590,6,0.286,1.000
50167,키움,이주형,키움2이주형,2,외야수,우투좌타,2001년 04월 02일,181cm/80kg,0.240,127,514,446,55,107,22,1,11,164,45,3,0,37,2,28,115,7,0.368,0.337,0.705,28,0.257,0.222
78756,키움,오선진,키움6오선진,6,내야수,우투우타,1989년 07월 07일,178cm/80kg,0.238,99,163,143,15,34,8,0,1,45,19,4,1,12,0,3,45,2,0.315,0.308,0.623,8,0.313,0.000
55392,키움,어준서,키움92어준서,92,내야수,우투좌타,2006년 11월 27일,183cm/87kg,0.238,116,360,324,48,77,9,1,6,106,27,3,1,30,1,2,75,10,0.327,0.305,0.632,20,0.222,0.182
64346,키움,임병욱,키움17임병욱,17,외야수,우투좌타,1995년 09월 30일,187cm/94kg,0.233,52,140,133,12,31,4,3,2,47,13,1,1,5,0,0,33,3,0.353,0.259,0.612,6,0.290,0.222
64984,키움,김태진,키움1김태진,1,내야수,우투좌타,1995년 10월 07일,169cm/73kg,0.233,94,304,279,27,65,11,2,5,95,25,2,3,20,1,0,53,6,0.341,0.281,0.622,15,0.156,0.214
55397,키움,전태현,키움97전태현,97,내야수,우투좌타,2006년 03월 02일,180cm/82kg,0.231,77,207,182,20,42,5,0,0,47,10,3,2,20,0,0,59,2,0.258,0.304,0.562,8,0.282,0.267
50357,키움,박주홍,키움57박주홍,57,외야수,좌투좌타,2001년 04월 16일,187cm/87kg,0.226,102,283,248,33,56,11,3,3,82,23,2,2,30,0,1,72,5,0.331,0.310,0.641,12,0.219,0.182
66838,키움,김동엽,키움20김동엽,20,외야수,우투우타,1990년 07월 24일,186cm/101kg,0.222,9,29,27,2,6,2,0,0,8,2,0,0,2,0,0,11,1,0.296,0.276,0.572,2,0.500,0.000
54344,키움,고영우,키움23고영우,23,내야수,우투우타,2001년 06월 21일,173cm/80kg,0.217,14,26,23,4,5,1,0,0,6,2,1,0,2,0,0,6,2,0.261,0.280,0.541,1,0.300,0.000
74163,키움,이용규,키움15이용규,15,외야수,좌투좌타,1985년 08월 26일,170cm/74kg,0.216,14,41,37,7,8,1,0,0,9,0,1,0,3,0,0,8,1,0.243,0.275,0.518,2,0.143,0.000
52366,키움,푸이그,키움푸이그,,외야수,우투우타,1990년 12월 07일,188cm/108kg,0.212,40,172,156,17,33,2,0,6,53,20,0,0,12,0,4,38,1,0.340,0.285,0.625,9,0.256,0.000
55339,키움,염승원,키움39염승원,39,내야수,우투좌타,2006년 03월 20일,180cm/78kg,0.211,11,21,19,2,4,0,0,0,4,1,0,1,1,0,0,6,0,0.211,0.238,0.449,0,0.000,0.000
62332,키움,김재현,키움32김재현,32,포수,우투우타,1993년 03월 18일,178cm/90kg,0.208,62,128,120,12,25,5,0,0,30,5,4,0,1,0,3,31,1,0.250,0.234,0.484,5,0.132,0.000
78135,키움,이형종,키움36이형종,36,외야수,우투우타,1989년 06월 07일,183cm/87kg,0.200,33,82,70,4,14,3,0,2,23,6,2,0,9,0,1,22,3,0.329,0.300,0.629,1,0.200,0.222
62925,키움,강진성,키움강진성,,내야수,우투우타,1993년 10월 19일,176cm/89kg,0.182,6,13,11,1,2,0,0,0,2,1,0,0,2,0,0,1,2,0.182,0.308,0.490,1,0.200,0.000
54394,키움,송지후,키움86송지후,86,내야수,우투우타,2005년 01월 08일,175cm/74kg,0.175,33,86,80,5,14,3,0,1,20,8,0,1,3,0,2,18,3,0.250,0.221,0.471,3,0.154,0.000
54307,키움,원성준,키움33원성준,33,외야수,우투좌타,2000년 03월 31일,181cm/80kg,0.174,24,53,46,5,8,1,0,2,15,4,0,0,7,0,0,18,1,0.326,0.283,0.609,3,0.333,0.200
52305,키움,박수종,키움87박수종,87,외야수,우투우타,1999년 02월 25일,178cm/82kg,0.143,38,45,42,6,6,0,0,1,9,2,0,0,3,0,0,12,0,0.214,0.200,0.414,2,0.083,0.000
75566,키움,이원석,키움17이원석,17,내야수,우투우타,1986년 10월 21일,181cm/82kg,0.143,5,8,7,1,1,0,0,0,1,0,0,0,1,0,0,2,1,0.143,0.250,0.393,0,0.000,0.000
51359,키움,장재영,키움16장재영,16,외야수,우투우타,2002년 05월 10일,187cm/83kg,0.143,10,16,14,1,2,0,0,0,2,2,0,0,2,0,0,7,0,0.143,0.250,0.393,0,0.333,0.000
55393,키움,여동욱,키움93여동욱,93,내야수,우투우타,2005년 11월 10일,180cm/90kg,0.132,28,61,53,6,7,1,0,2,14,2,1,0,7,0,0,21,2,0.264,0.233,0.497,0,0.000,0.286
55371,키움,권혁빈,키움00권혁빈,00,내야수,우투우타,2005년 11월 04일,185cm/75kg,0.100,22,24,20,1,2,0,0,0,2,1,2,0,2,0,0,7,1,0.100,0.182,0.282,0,0.000,0.000
65898,키움,김웅빈,키움10김웅빈,10,내야수,우투좌타,1996년 02월 09일,182cm/97kg,0.083,10,31,24,1,2,0,0,0,2,0,1,0,6,0,0,7,2,0.083,0.267,0.350,0,0.000,0.000
55370,키움,양현종,키움60양현종,60,내야수,우투우타,2006년 08월 15일,177cm/84kg,0.083,12,14,12,1,1,0,0,0,1,0,0,0,2,0,0,5,0,0.083,0.214,0.297,0,0.000,0.000
53309,키움,서유신,키움104서유신,104,내야수,우투우타,2000년 08월 17일,176cm/76kg,0.000,6,8,7,0,0,0,0,0,0,0,0,0,1,0,0,4,0,0.000,0.125,0.125,0,0.000,0.000
53302,키움,이승원,키움50이승원,50,내야수,우투우타,2004년 07월 02일,185cm/75kg,0.000,1,2,2,0,0,0,0,0,0,0,0,0,0,0,0,0,0,0.000,0.000,0.000,0,0.000,0.000
