pCode,team,name,displayId,backNo,position,throwBat,birthday,heightWeight,ERA,G,W,L,SV,HLD,WPCT,IP,H,HR,BB,HBP,SO,R,ER,WHIP,CG,SHO,QS,BSV,TBF,NP,OAVG,2B,3B,SAC,SF,IBB,WP,BK
61365,삼성,김대우,삼성17김대우,17,투수,우언우타,1988년 11월 21일,183cm/85kg,0.00,2,0,0,0,1,-,2/3,1,0,0,0,0,0,0,1.50,0,0,0,0,3,16,0.333,1,0,0,0,0,0,0
61268,삼성,양현,삼성19양현,19,투수,우언우타,1992년 08월 23일,189cm/104kg,0.00,4,0,0,0,0,-,3 1/3,2,0,3,0,1,0,0,1.50,0,0,0,1,15,65,0.167,0,0,0,0,0,0,0
63960,삼성,이상민,삼성15이상민,15,투수,좌투좌타,1990년 11월 04일,180cm/85kg,0.00,1,0,0,0,0,-,1,2,0,0,0,1,0,0,2.00,0,0,0,0,5,12,0.400,0,0,0,0,0,0,0
63492,삼성,이재익,삼성45이재익,45,투수,좌투좌타,1994년 03월 18일,180cm/76kg,1.23,7,1,0,0,0,1.000,7 1/3,8,0,2,0,6,1,1,1.36,0,0,0,0,31,113,0.276,0,1,0,0,0,1,0
77446,삼성,백정현,삼성29백정현,29,투수,좌투좌타,1987년 07월 13일,184cm/80kg,1.95,29,2,0,1,3,1.000,32 1/3,19,1,7,2,31,7,7,0.80,0,0,0,2,128,505,0.165,6,0,2,2,0,0,0
53375,삼성,후라도,삼성75후라도,75,투수,우투우타,1996년 01월 30일,188cm/109kg,2.60,30,15,8,0,0,0.652,197 1/3,177,17,36,4,142,65,57,1.08,3,2,23,0,786,2921,0.239,17,3,5,1,0,3,0
55460,삼성,가라비토,삼성60가라비토,60,투수,우투우타,1995년 08월 19일,183cm/100kg,2.64,15,4,4,0,0,0.500,78 1/3,56,6,37,6,84,31,23,1.19,0,0,4,0,327,1356,0.200,5,0,4,0,1,2,0
51460,삼성,이재희,삼성17이재희,17,투수,우투좌타,2001년 10월 11일,187cm/88kg,3.00,11,0,2,0,4,0.000,9,7,0,5,0,9,3,3,1.33,0,0,0,0,39,157,0.206,1,1,0,0,0,0,0
69446,삼성,원태인,삼성18원태인,18,투수,우투우타,2000년 04월 06일,183cm/92kg,3.24,27,12,4,0,0,0.750,166 2/3,157,20,27,6,108,66,60,1.10,0,0,20,0,671,2493,0.253,32,2,11,6,1,1,0
68415,삼성,양창섭,삼성42양창섭,42,투수,우투우타,1999년 09월 22일,182cm/85kg,3.43,33,3,3,0,2,0.500,63,67,3,19,9,45,29,24,1.37,0,0,0,0,276,969,0.278,10,0,3,4,1,4,0
50464,삼성,이승민,삼성28이승민,28,투수,좌투좌타,2000년 08월 26일,174cm/79kg,3.78,62,3,2,0,8,0.600,64 1/3,61,5,26,3,53,37,27,1.35,0,0,0,0,280,1068,0.249,15,2,5,1,2,1,0
55455,삼성,배찬승,삼성55배찬승,55,투수,좌투좌타,2006년 01월 01일,180cm/85kg,3.91,65,2,3,0,19,0.400,50 2/3,50,3,34,2,57,25,22,1.66,0,0,0,2,233,962,0.259,11,0,4,0,1,5,0
54443,삼성,레예스,삼성레예스,,투수,우투우타,1996년 11월 02일,198cm/113kg,4.14,10,4,3,0,0,0.571,50,51,5,12,3,35,26,23,1.26,0,0,2,0,215,844,0.264,7,1,3,4,0,0,0
62360,삼성,김태훈,삼성27김태훈,27,투수,우투우타,1992년 03월 02일,187cm/101kg,4.48,73,2,6,2,19,0.250,66 1/3,66,8,26,2,74,34,33,1.39,0,0,0,5,287,1122,0.259,13,0,1,3,3,4,0
73801,삼성,송은범,삼성46송은범,46,투수,우투우타,1984년 03월 17일,182cm/93kg,4.50,5,0,0,0,0,-,6,9,0,3,0,2,3,3,2.00,0,0,0,0,28,93,0.375,2,0,1,0,0,3,0
50430,삼성,홍원표,삼성65홍원표,65,투수,우투우타,2001년 03월 27일,183cm/86kg,4.50,2,0,1,0,0,0.000,2,3,0,2,1,1,1,1,2.50,0,0,0,0,12,40,0.429,0,0,1,1,1,0,0
78352,삼성,임창민,삼성45임창민,45,투수,우투우타,1985년 08월 25일,183cm/94kg,4.85,16,1,0,0,2,1.000,13,17,5,7,1,6,8,7,1.85,0,0,0,1,63,263,0.321,2,0,1,1,1,0,0
65320,삼성,최원태,삼성20최원태,20,투수,우투우타,1997년 01월 07일,184cm/104kg,4.92,27,8,7,0,0,0.533,124 1/3,128,13,51,12,109,72,68,1.44,0,0,8,0,552,2137,0.271,21,0,10,7,1,9,0
65062,삼성,김재윤,삼성62김재윤,62,투수,우투우타,1990년 09월 16일,185cm/91kg,4.99,63,4,7,13,3,0.364,57 2/3,57,10,13,1,43,34,32,1.21,0,0,0,3,242,938,0.253,12,2,2,1,3,1,0
54401,삼성,김대호,삼성41김대호,41,투수,우투우타,2001년 10월 15일,185cm/100kg,5.14,11,0,1,0,0,0.000,21,25,3,15,1,19,13,12,1.90,0,0,0,0,105,392,0.291,6,0,1,2,0,1,0
54404,삼성,육선엽,삼성4육선엽,4,투수,우투우타,2005년 07월 13일,190cm/90kg,5.34,27,0,1,0,1,0.000,28 2/3,23,4,24,0,19,21,17,1.64,0,0,0,0,133,564,0.217,3,0,3,0,0,2,0
51454,삼성,이승현,삼성57이승현,57,투수,좌투좌타,2002년 05월 19일,183cm/102kg,5.42,25,4,9,0,0,0.308,101 1/3,121,10,46,9,74,64,61,1.65,0,0,2,0,471,1840,0.298,23,2,7,3,0,2,0
60146,삼성,이승현,삼성26이승현,26,투수,우투우타,1991년 11월 20일,181cm/92kg,6.31,42,2,1,0,11,0.667,35 2/3,43,9,11,1,29,26,25,1.51,0,0,0,1,161,648,0.303,7,0,6,1,1,1,0
53455,삼성,이호성,삼성1이호성,1,투수,우투우타,2004년 08월 14일,184cm/87kg,6.34,58,7,4,9,3,0.636,55 1/3,54,7,29,2,69,44,39,1.50,0,0,0,4,252,1032,0.252,7,2,3,4,0,0,1
50441,삼성,황동재,삼성18황동재,18,투수,우투우타,2001년 11월 03일,191cm/97kg,6.97,15,0,1,0,0,0.000,20 2/3,27,1,14,2,22,16,16,1.98,0,0,0,0,104,403,0.310,2,0,0,1,0,3,0
75421,삼성,오승환,삼성21오승환,21,투수,우투우타,1982년 07월 15일,178cm/93kg,8.00,12,0,0,0,0,-,9,15,1,3,0,7,8,8,2.00,0,0,0,0,45,173,0.366,5,0,0,1,0,1,0
62146,삼성,최성훈,삼성54최성훈,54,투수,좌투좌타,1989년 10월 11일,178cm/75kg,9.00,2,0,0,0,0,-,1,1,0,1,0,1,1,1,2.00,0,0,0,0,5,20,0.250,0,0,0,0,0,0,0
54467,삼성,정민성,삼성49정민성,49,투수,우투우타,2005년 05월 09일,184cm/98kg,36.00,1,0,1,0,0,0.000,1,3,0,0,2,0,4,4,3.00,0,0,0,0,7,23,0.600,2,1,0,0,0,1,0
66451,삼성,최충연,삼성61최충연,61,투수,우투우타,1997년 03월 05일,190cm/85kg,37.80,4,0,0,0,0,-,1 2/3,7,1,2,1,1,8,7,5.40,0,0,0,0,15,60,0.583,1,0,0,0,0,0,0
50650,KT,최용준,KT67최용준,67,투수,우투우타,2001년 12월 19일,192cm/105kg,2.00,7,1,0,0,0,1.000,9,13,0,2,0,5,2,2,1.67,0,0,0,0,39,128,0.351,1,0,0,0,1,0,0
73117,KT,우규민,KT12우규민,12,투수,우언우타,1985년 01월 21일,184cm/75kg,2.44,53,1,2,0,9,0.333,44 1/3,45,2,3,4,24,12,12,1.08,0,0,0,1,185,665,0.259,6,0,4,0,1,0,0
69054,KT,이상동,KT37이상동,37,투수,우투우타,1995년 11월 24일,181cm/88kg,2.49,41,3,0,0,5,1.000,43 1/3,31,4,9,2,34,12,12,0.92,0,0,0,1,168,656,0.203,6,0,2,2,1,1,0
55046,KT,박건우,KT박건우,,투수,우투우타,2006년 11월 28일,182cm/95kg,2.70,6,0,0,0,0,-,6 2/3,4,1,4,0,9,2,2,1.20,0,0,0,0,28,117,0.167,0,0,0,0,0,0,0
55032,KT,패트릭,KT32패트릭,32,투수,우투우타,1995년 06월 10일,196cm/96kg,3.12,15,3,3,0,2,0.500,60 2/3,63,2,21,2,45,26,21,1.38,0,0,2,0,267,992,0.259,10,2,1,0,0,5,0
67419,KT,문용익,KT18문용익,18,투수,우투우타,1995년 02월 04일,178cm/93kg,3.14,20,1,0,0,0,1.000,28 2/3,21,3,19,0,31,11,10,1.40,0,0,0,0,121,528,0.212,7,0,2,1,1,0,0
64001,KT,고영표,KT1고영표,1,투수,우언우타,1991년 09월 16일,187cm/88kg,3.30,29,11,8,0,0,0.579,161,170,10,30,15,154,70,59,1.24,1,1,20,0,685,2525,0.272,31,2,7,7,2,4,1
50030,KT,소형준,KT30소형준,30,투수,우투우타,2001년 09월 16일,189cm/92kg,3.30,26,10,7,1,0,0.588,147 1/3,155,6,29,3,123,60,54,1.25,0,0,18,0,617,2209,0.268,24,3,6,1,1,4,0
52060,KT,박영현,KT60박영현,60,투수,우투우타,2003년 10월 11일,183cm/91kg,3.39,67,5,6,35,1,0.455,69,68,9,34,2,77,31,26,1.48,0,0,0,7,305,1228,0.258,10,1,4,1,4,6,1
50859,KT,오원석,KT47오원석,47,투수,좌투좌타,2001년 04월 23일,182cm/80kg,3.67,25,11,8,0,0,0.579,132 1/3,130,10,52,4,113,60,54,1.38,0,0,12,0,565,2187,0.261,25,1,7,4,1,5,0
69041,KT,손동현,KT41손동현,41,투수,우투우타,2001년 01월 23일,183cm/88kg,3.84,58,5,0,1,13,1.000,58 2/3,66,6,12,3,55,30,25,1.33,0,0,0,2,257,938,0.278,16,1,4,1,3,4,0
69047,KT,전용주,KT29전용주,29,투수,좌투좌타,2000년 02월 12일,188cm/87kg,3.95,21,0,1,0,4,0.000,13 2/3,18,0,7,0,11,8,6,1.83,0,0,0,0,66,257,0.310,4,0,0,1,1,3,0
54354,KT,헤이수스,KT65헤이수스,65,투수,좌투좌타,1996년 12월 10일,192cm/104kg,3.96,32,9,9,0,1,0.500,163 2/3,173,17,44,8,165,85,72,1.33,0,0,15,0,712,2716,0.267,22,2,8,3,0,7,2
65060,KT,주권,KT38주권,38,투수,우투우타,1995년 05월 31일,181cm/82kg,4.43,34,0,1,0,0,0.000,40 2/3,48,3,13,0,19,23,20,1.50,0,0,0,1,176,634,0.302,2,0,3,1,1,0,1
65048,KT,김민수,KT26김민수,26,투수,우투우타,1992년 07월 24일,188cm/80kg,4.96,58,4,3,0,11,0.571,52 2/3,63,5,15,1,36,31,29,1.48,0,0,0,1,230,817,0.303,11,2,2,4,1,5,0
69113,KT,임준형,KT14임준형,14,투수,좌투좌타,2000년 11월 16일,180cm/82kg,5.19,10,0,0,0,0,-,8 2/3,11,0,7,1,6,7,5,2.08,0,0,0,0,42,179,0.333,1,0,1,0,0,1,0
54063,KT,원상현,KT63원상현,63,투수,우투우타,2004년 10월 16일,183cm/83kg,5.21,52,0,3,0,14,0.000,57,56,8,35,1,45,35,33,1.60,0,0,0,0,259,1009,0.257,10,0,2,3,3,4,0
64768,KT,조이현,KT54조이현,54,투수,우투좌타,1995년 06월 27일,185cm/95kg,5.40,3,1,2,0,0,0.333,11 2/3,17,2,0,1,3,7,7,1.46,0,0,0,0,50,173,0.347,2,1,0,0,0,0,0
69032,KT,쿠에바스,KT쿠에바스,,투수,우투양타,1990년 10월 14일,188cm/98kg,5.40,18,3,10,0,0,0.231,98 1/3,104,13,46,5,60,69,59,1.53,0,0,7,0,445,1663,0.268,14,2,4,2,0,4,1
65516,KT,배제성,KT19배제성,19,투수,우투좌타,1996년 09월 29일,189cm/85kg,5.67,8,2,3,0,0,0.400,27,38,2,11,0,23,17,17,1.81,0,0,0,0,127,514,0.330,5,1,1,0,1,1,0
68896,KT,이채호,KT17이채호,17,투수,우언우타,1998년 11월 23일,185cm/85kg,6.17,10,0,0,0,0,-,11 2/3,12,1,5,2,8,8,8,1.46,0,0,0,0,53,195,0.286,3,2,1,3,1,0,0
79140,KT,최동환,KT16최동환,16,투수,우투우타,1989년 09월 19일,184cm/83kg,8.68,20,1,1,0,0,0.500,18 2/3,27,4,12,1,9,19,18,2.09,0,0,0,0,91,326,0.351,5,1,0,1,2,0,0
55043,KT,김재원,KT43김재원,43,투수,우투우타,2006년 08월 21일,190cm/90kg,10.38,4,0,0,0,0,-,4 1/3,3,0,8,1,4,5,5,2.54,0,0,0,0,24,99,0.214,1,0,0,1,0,3,0
55040,KT,김동현,KT40김동현,40,투수,우투우타,2006년 01월 21일,193cm/97kg,13.50,3,0,0,0,0,-,3 1/3,7,2,3,0,4,5,5,3.00,0,0,0,0,19,66,0.438,0,0,0,0,0,3,0
51058,KT,한차현,KT2한차현,2,투수,우투우타,1998년 11월 30일,180cm/80kg,16.20,2,0,0,0,0,-,1 2/3,4,0,2,0,1,3,3,3.60,0,0,0,0,11,40,0.444,0,0,0,0,0,1,0
67048,KT,이정현,KT21이정현,21,투수,우투우타,1997년 12월 05일,188cm/93kg,16.62,6,0,0,0,0,-,4 1/3,9,0,4,1,3,8,8,3.00,0,0,0,0,27,100,0.429,3,0,0,1,0,0,0
68050,KT,강백호,KT50강백호,50,투수,우투좌타,1999년 07월 29일,184cm/98kg,18.00,1,0,0,0,0,-,1,3,1,1,0,1,2,2,4.00,0,0,0,0,7,25,0.500,1,0,0,0,0,0,0
53006,KT,강건,KT강건,,투수,우투우타,2004년 07월 12일,183cm/85kg,24.55,2,0,1,0,0,0.000,3 2/3,7,1,7,1,1,10,10,3.82,0,0,0,0,26,104,0.500,2,0,2,2,0,0,0
50904,LG,이종준,LG40이종준,40,투수,우투우타,2001년 03월 09일,191cm/93kg,0.00,2,0,0,0,0,-,1 2/3,0,0,1,0,2,0,0,0.60,0,0,0,0,6,33,0.000,0,0,0,0,0,0,0
77263,LG,김강률,LG37김강률,37,투수,우투우타,1988년 08월 28일,187cm/95kg,1.46,12,1,0,1,4,1.000,12 1/3,7,0,8,1,9,2,2,1.22,0,0,0,0,51,182,0.167,1,0,0,0,0,0,0
61145,LG,이우찬,LG21이우찬,21,투수,좌투좌타,1992년 08월 04일,185cm/97kg,1.89,23,0,1,0,0,0.000,19,13,0,14,1,20,6,4,1.42,0,0,0,0,86,338,0.186,2,0,1,0,0,3,0
55167,LG,김영우,LG67김영우,67,투수,우투우타,2005년 01월 14일,185cm/90kg,2.40,66,3,2,1,7,0.600,60,49,2,30,3,56,17,16,1.32,0,0,0,3,255,957,0.228,13,0,5,2,2,5,0
50106,LG,유영찬,LG54유영찬,54,투수,우투좌타,1997년 03월 07일,185cm/90kg,2.63,39,2,2,21,1,0.500,41,31,2,23,3,52,14,12,1.32,0,0,0,1,177,672,0.208,7,0,1,1,3,3,0
55130,LG,톨허스트,LG30톨허스트,30,투수,우투우타,1999년 09월 13일,193cm/86kg,2.86,8,6,2,0,0,0.750,44,39,2,16,2,45,15,14,1.25,0,0,5,0,184,713,0.238,7,1,1,1,1,1,0
61101,LG,임찬규,LG1임찬규,1,투수,우투우타,1992년 11월 20일,185cm/80kg,3.03,27,11,7,0,0,0.611,160 1/3,163,9,40,6,107,61,54,1.27,1,1,15,0,670,2490,0.265,38,3,5,4,1,1,0
55146,LG,치리노스,LG치리노스,,투수,우투우타,1993년 12월 26일,188cm/102kg,3.31,30,13,6,0,0,0.684,177,173,5,36,9,137,71,65,1.18,0,0,17,0,737,2809,0.253,26,1,8,1,0,4,0
67143,LG,손주영,LG29손주영,29,투수,좌투좌타,1998년 12월 02일,191cm/95kg,3.41,30,11,6,0,0,0.647,153,153,8,49,4,132,67,58,1.32,0,0,14,0,644,2496,0.262,20,2,5,3,0,6,0
75867,LG,김진성,LG42김진성,42,투수,우투우타,1985년 03월 07일,186cm/90kg,3.44,78,6,4,1,33,0.600,70 2/3,61,7,24,0,63,28,27,1.20,0,0,0,7,291,1235,0.236,7,3,2,7,1,1,0
51111,LG,송승기,LG13송승기,13,투수,좌투좌타,2002년 04월 10일,181cm/90kg,3.50,28,11,6,0,0,0.647,144,149,15,49,1,125,61,56,1.38,0,0,10,0,629,2523,0.261,25,1,5,4,0,2,0
65109,LG,백승현,LG61백승현,61,투수,우투우타,1995년 05월 26일,183cm/90kg,3.90,33,1,0,0,2,1.000,30,28,2,28,1,27,13,13,1.87,0,0,0,0,146,583,0.246,3,1,2,1,1,3,0
54119,LG,에르난데스,LG에르난데스,,투수,우투우타,1995년 05월 03일,185cm/97kg,4.23,14,4,4,0,0,0.500,66,53,7,24,5,73,32,31,1.17,0,0,7,0,276,1142,0.219,14,0,0,5,0,3,0
63950,LG,장현식,LG50장현식,50,투수,우투우타,1995년 02월 24일,181cm/91kg,4.35,56,3,3,10,5,0.500,49 2/3,65,4,21,5,38,27,24,1.73,0,0,0,1,234,884,0.317,16,1,3,0,1,4,0
51526,LG,우강훈,LG20우강훈,20,투수,우언우타,2002년 10월 03일,183cm/88kg,4.66,11,0,0,0,0,-,9 2/3,12,0,6,2,5,5,5,1.86,0,0,0,0,46,180,0.324,2,0,0,1,0,0,0
53139,LG,박명근,LG39박명근,39,투수,우언우타,2004년 03월 27일,174cm/75kg,4.89,44,3,4,4,10,0.429,38 2/3,36,5,16,5,30,21,21,1.34,0,0,0,1,168,638,0.250,5,1,2,1,2,0,1
69134,LG,이정용,LG31이정용,31,투수,우투우타,1996년 03월 26일,186cm/85kg,5.03,39,6,1,1,7,0.857,34,32,3,12,2,26,19,19,1.29,0,0,0,1,139,575,0.258,3,1,1,0,0,0,0
68419,LG,최지명,LG16최지명,16,투수,좌투좌타,1995년 01월 22일,186cm/97kg,5.28,13,0,1,0,2,0.000,29,35,3,14,1,21,17,17,1.69,0,0,0,0,132,507,0.302,6,2,0,1,0,2,0
69108,LG,이지강,LG32이지강,32,투수,우투우타,1999년 07월 02일,183cm/85kg,5.32,43,1,2,3,4,0.333,47 1/3,50,4,24,1,39,29,28,1.56,0,0,0,1,211,883,0.270,9,2,0,1,0,1,1
55122,LG,김종운,LG49김종운,49,투수,우투우타,2006년 09월 11일,186cm/85kg,5.40,2,0,0,0,0,-,1 2/3,2,2,0,0,2,3,1,1.20,0,0,0,0,7,31,0.286,0,0,0,0,0,0,0
63145,LG,배재준,LG25배재준,25,투수,우투우타,1994년 11월 24일,188cm/85kg,5.54,14,0,0,0,1,-,13,9,1,7,1,14,8,8,1.23,0,0,0,0,56,234,0.191,4,0,0,1,0,1,0
63248,LG,함덕주,LG11함덕주,11,투수,좌투좌타,1995년 01월 13일,181cm/78kg,6.00,31,2,3,0,1,0.400,27,14,1,18,0,26,19,18,1.19,0,0,0,0,113,463,0.159,5,0,4,3,0,3,0
55138,LG,코엔 윈,LG코엔 윈,,투수,우투우타,1999년 01월 25일,193cm/86kg,7.04,5,1,1,0,0,0.500,23,28,4,4,5,8,19,18,1.39,0,0,1,0,107,408,0.295,7,0,2,1,0,0,0
51154,LG,김진수,LG45김진수,45,투수,우투우타,1998년 08월 31일,179cm/82kg,9.00,4,0,0,0,0,-,5,11,2,1,0,6,5,5,2.40,0,0,0,0,27,104,0.423,3,0,0,0,0,0,0
68159,LG,성동현,LG34성동현,34,투수,우투우타,1999년 05월 18일,189cm/108kg,9.00,12,0,0,0,0,-,9,10,2,9,0,6,9,9,2.11,0,0,0,0,45,201,0.286,0,0,1,0,0,1,0
64596,LG,김유영,LG0김유영,0,투수,좌투좌타,1994년 05월 02일,180cm/83kg,12.46,6,0,0,0,0,-,4 1/3,8,0,4,1,5,6,6,2.77,0,0,0,0,26,108,0.400,3,0,1,0,0,0,0
55121,LG,박시원,LG58박시원,58,투수,우투우타,2006년 04월 12일,193cm/93kg,13.50,2,0,0,0,0,-,1 1/3,0,0,5,0,0,2,2,3.75,0,0,0,0,9,35,0.000,0,0,0,0,0,0,0
69159,LG,정우영,LG18정우영,18,투수,우언우타,1999년 08월 19일,193cm/99kg,20.25,4,0,0,0,0,-,2 2/3,1,1,4,1,3,6,6,1.88,0,0,0,0,13,56,0.125,0,0,0,0,0,0,0
65411,LG,김주온,LG57김주온,57,투수,우투우타,1996년 12월 08일,187cm/89kg,27.00,1,0,1,0,0,0.000,1/3,0,0,2,2,1,1,1,6.00,0,0,0,0,5,23,0.000,0,0,0,0,0,0,0
54608,KIA,김민재,KIA30김민재,30,투수,우투우타,2003년 07월 08일,188cm/85kg,0.00,1,0,0,0,0,-,2,2,0,0,0,1,0,0,1.00,0,0,0,0,8,21,0.250,0,0,0,0,0,0,0
50604,KIA,유지성,KIA4유지성,4,투수,좌투좌타,2000년 11월 15일,189cm/94kg,0.00,1,0,0,0,0,-,1,0,0,0,0,0,0,0,0.00,0,0,0,0,3,10,0.000,0,0,0,0,0,0,0
54610,KIA,성영탁,KIA65성영탁,65,투수,우투우타,2004년 07월 28일,180cm/89kg,1.55,45,3,2,0,7,0.600,52 1/3,38,2,13,0,30,11,9,0.97,0,0,0,0,198,753,0.209,6,0,2,1,0,1,0
54640,KIA,네일,KIA40네일,40,투수,우투우타,1993년 02월 08일,193cm/83kg,2.25,27,8,4,0,0,0.667,164 1/3,135,6,41,15,152,46,41,1.07,0,0,19,0,664,2521,0.225,18,1,7,2,0,4,0
69516,KIA,김현수,KIA17김현수,17,투수,우투우타,2000년 07월 10일,185cm/90kg,2.45,18,0,0,0,0,-,18 1/3,17,2,13,1,11,5,5,1.64,0,0,0,0,86,309,0.243,3,1,1,1,5,2,0
69620,KIA,김기훈,KIA53김기훈,53,투수,좌투좌타,2000년 01월 03일,184cm/93kg,3.25,24,1,1,0,0,0.500,27 2/3,25,2,10,1,27,11,10,1.27,0,0,0,0,117,464,0.245,8,1,1,3,0,2,0
66609,KIA,전상현,KIA51전상현,51,투수,우투우타,1996년 04월 18일,180cm/88kg,3.34,74,7,5,1,25,0.583,70,64,4,20,2,50,30,26,1.20,0,0,0,7,290,1048,0.242,15,0,1,3,3,3,0
55633,KIA,올러,KIA33올러,33,투수,우투우타,1994년 10월 17일,193cm/102kg,3.62,26,11,7,0,0,0.611,149,125,8,47,8,169,64,60,1.15,1,0,16,0,620,2490,0.226,25,3,5,6,0,2,0
50662,KIA,정해영,KIA62정해영,62,투수,우투우타,2001년 08월 23일,189cm/98kg,3.79,60,3,7,27,0,0.300,61 2/3,75,4,18,3,72,30,26,1.51,0,0,0,7,275,1117,0.299,13,0,1,2,1,1,0
63342,KIA,조상우,KIA11조상우,11,투수,우투우타,1994년 09월 04일,186cm/97kg,3.90,72,6,6,1,28,0.500,60,64,5,27,6,55,29,26,1.52,0,0,0,3,271,1113,0.277,15,0,6,1,3,2,0
68619,KIA,윤중현,KIA19윤중현,19,투수,우언우타,1995년 04월 25일,180cm/84kg,4.35,13,1,0,0,0,1.000,10 1/3,10,2,7,0,7,5,5,1.65,0,0,0,0,48,159,0.250,4,0,1,0,2,1,0
67640,KIA,유승철,KIA148유승철,148,투수,우투양타,1998년 03월 02일,184cm/87kg,4.50,1,0,0,0,0,-,2,3,0,2,0,3,1,1,2.50,0,0,0,0,11,40,0.333,0,0,0,0,0,1,0
55610,KIA,김태형,KIA10김태형,10,투수,우투우타,2006년 12월 15일,184cm/95kg,4.56,8,0,3,0,0,0.000,23 2/3,25,4,7,5,14,12,12,1.35,0,0,0,0,107,422,0.272,4,0,3,0,0,1,1
65665,KIA,이준영,KIA20이준영,20,투수,좌투좌타,1992년 08월 10일,177cm/85kg,4.76,57,3,1,0,7,0.750,34,36,6,11,1,34,18,18,1.38,0,0,0,1,145,569,0.273,10,0,1,0,2,1,0
69745,KIA,김도현,KIA60김도현,60,투수,우투우타,2000년 09월 15일,183cm/87kg,4.81,24,4,7,0,0,0.364,125 1/3,149,11,33,10,71,79,67,1.45,0,0,9,0,561,2068,0.296,28,4,7,7,0,5,1
77637,KIA,양현종,KIA54양현종,54,투수,좌투좌타,1988년 03월 01일,183cm/91kg,5.06,30,7,9,0,0,0.438,153,171,12,57,4,109,101,86,1.49,0,0,11,0,677,2497,0.285,23,4,8,8,1,10,0
52641,KIA,황동하,KIA41황동하,41,투수,우투우타,2002년 07월 30일,183cm/96kg,5.30,18,1,2,0,0,0.333,35 2/3,38,4,10,3,31,21,21,1.35,0,0,0,1,155,576,0.277,14,1,3,2,0,0,0
53613,KIA,윤영철,KIA13윤영철,13,투수,좌투좌타,2004년 04월 20일,187cm/87kg,5.58,13,2,7,0,0,0.222,50,52,4,30,1,43,37,31,1.64,0,0,1,0,227,888,0.269,7,0,1,2,0,4,0
50641,KIA,장재혁,KIA38장재혁,38,투수,우투우타,2001년 08월 02일,180cm/86kg,6.00,3,0,0,0,0,-,3,3,1,3,0,2,2,2,2.00,0,0,0,0,13,63,0.300,0,0,0,0,0,0,0
51994,KIA,한재승,KIA55한재승,55,투수,우투우타,2001년 11월 21일,180cm/90kg,6.48,36,1,1,1,1,0.500,33 1/3,40,5,31,1,35,29,24,2.13,0,0,0,0,161,685,0.317,4,0,1,2,0,4,0
52639,KIA,최지민,KIA39최지민,39,투수,좌투좌타,2003년 09월 10일,185cm/100kg,6.58,66,2,4,0,9,0.333,53 1/3,46,5,51,4,39,40,39,1.82,0,0,0,0,253,1042,0.238,7,1,2,3,0,4,0
76225,KIA,김건국,KIA43김건국,43,투수,우투우타,1988년 02월 02일,183cm/86kg,6.85,26,0,3,0,1,0.000,46,59,11,17,5,31,38,35,1.65,0,0,0,1,216,841,0.311,9,0,1,3,0,3,0
53615,KIA,이도현,KIA66이도현,66,투수,우투우타,2005년 01월 07일,188cm/90kg,6.92,6,1,1,0,0,0.500,13,17,1,8,1,9,11,10,1.92,0,0,0,0,65,242,0.309,5,0,0,1,0,1,0
51648,KIA,이의리,KIA48이의리,48,투수,좌투좌타,2002년 06월 16일,185cm/90kg,7.94,10,1,4,0,0,0.200,39 2/3,41,6,31,3,42,37,35,1.82,0,0,2,0,193,784,0.266,9,3,3,2,0,1,0
68928,KIA,김시훈,KIA61김시훈,61,투수,우투우타,1999년 02월 24일,188cm/95kg,8.06,24,1,0,0,1,1.000,25 2/3,33,7,10,0,18,25,23,1.68,0,0,0,0,118,439,0.308,6,0,0,1,1,0,0
55663,KIA,이호민,KIA38이호민,38,투수,우투우타,2006년 08월 26일,182cm/85kg,8.59,13,1,0,0,0,1.000,14 2/3,21,0,9,2,7,14,14,2.05,0,0,0,0,72,259,0.362,5,0,2,1,1,0,0
60337,KIA,김대유,KIA69김대유,69,투수,좌투좌타,1991년 05월 08일,187cm/92kg,9.72,15,0,1,0,1,0.000,8 1/3,12,1,4,0,3,9,9,1.92,0,0,0,0,42,140,0.324,1,0,0,1,0,0,0
62951,KIA,이형범,KIA16이형범,16,투수,우투우타,1994년 02월 27일,181cm/80kg,11.70,12,0,0,0,0,-,10,21,0,5,0,6,16,13,2.60,0,0,0,0,56,209,0.438,6,1,1,2,1,0,0
54645,KIA,김민주,KIA49김민주,49,투수,우투우타,2002년 09월 08일,182cm/85kg,12.00,3,0,0,0,0,-,3,4,0,2,2,2,4,4,2.00,0,0,0,0,17,54,0.333,1,1,0,1,0,0,0
62754,KIA,임기영,KIA38임기영,38,투수,우언우타,1993년 04월 16일,184cm/86kg,13.00,10,1,1,0,0,0.500,9,23,2,4,0,5,13,13,3.00,0,0,0,0,52,176,0.489,4,0,1,0,0,0,0
53609,KIA,곽도규,KIA0곽도규,0,투수,좌투좌타,2004년 04월 12일,185cm/90kg,13.50,9,0,0,0,3,-,4,3,0,6,2,5,6,6,2.25,0,0,0,1,22,99,0.214,0,0,0,0,0,1,0
55632,KIA,이성원,KIA58이성원,58,투수,우투우타,2006년 05월 18일,184cm/90kg,16.88,4,0,0,0,0,-,2 2/3,3,0,4,3,3,7,5,2.63,0,0,0,0,19,71,0.250,1,0,0,0,0,0,0
55646,KIA,김정엽,KIA46김정엽,46,투수,우투우타,2006년 04월 18일,185cm/96kg,18.00,2,0,0,0,0,-,1,0,0,1,1,0,2,2,1.00,0,0,0,0,5,21,0.000,0,0,0,0,0,0,0
69643,KIA,홍원빈,KIA홍원빈,,투수,우투우타,2000년 10월 16일,195cm/101kg,27.00,2,0,0,0,0,-,1 2/3,2,0,4,0,1,5,5,3.60,0,0,0,1,11,36,0.333,0,0,0,1,0,2,0
55221,두산,김한중,두산95김한중,95,투수,우투우타,2004년 11월 03일,183cm/89kg,0.00,2,0,0,0,0,-,2,1,0,0,0,0,1,0,0.50,0,0,0,0,8,25,0.125,1,0,0,0,0,0,0
69205,두산,이교훈,두산31이교훈,31,투수,좌투좌타,2000년 05월 29일,181cm/83kg,1.17,10,1,0,0,0,1.000,7 2/3,4,0,4,1,7,2,1,1.04,0,0,0,0,29,125,0.174,1,0,1,0,0,2,0
55239,두산,잭로그,두산39잭로그,39,투수,좌투좌타,1996년 04월 23일,183cm/84kg,2.81,30,10,8,0,1,0.556,176,146,8,39,17,156,66,55,1.05,0,0,17,0,722,2698,0.224,25,4,11,2,0,4,0
68249,두산,박신지,두산49박신지,49,투수,우투우타,1999년 07월 16일,185cm/75kg,2.85,54,2,4,0,5,0.333,60,55,3,29,5,36,24,19,1.40,0,0,0,1,264,1008,0.244,15,3,2,3,6,8,0
54263,두산,김택연,두산63김택연,63,투수,우투우타,2005년 06월 03일,181cm/88kg,3.53,64,4,5,24,0,0.444,66 1/3,47,6,31,5,79,31,26,1.18,0,0,0,9,281,1151,0.196,6,0,4,1,2,5,0
67266,두산,박치국,두산1박치국,1,투수,우언우타,1998년 03월 10일,177cm/78kg,3.75,73,4,4,2,16,0.500,62 1/3,58,4,21,7,57,35,26,1.27,0,0,0,4,271,1045,0.245,15,0,5,1,1,0,0
68830,두산,김정우,두산16김정우,16,투수,우투우타,1999년 05월 15일,183cm/87kg,3.86,18,0,0,1,1,-,21,26,1,9,3,13,12,9,1.67,0,0,0,0,103,396,0.302,4,0,3,2,0,1,0
66291,두산,이영하,두산50이영하,50,투수,우투우타,1997년 11월 01일,192cm/91kg,4.05,73,4,4,0,14,0.500,66 2/3,63,4,39,6,72,33,30,1.53,0,0,0,5,299,1136,0.254,10,0,5,1,2,7,0
65639,두산,박정수,두산17박정수,17,투수,우언좌타,1996년 01월 29일,178cm/74kg,4.10,29,1,0,0,3,1.000,26 1/3,31,1,8,4,15,13,12,1.48,0,0,0,0,119,418,0.304,3,1,3,2,1,1,0
68220,두산,곽빈,두산47곽빈,47,투수,우투우타,1999년 05월 28일,187cm/95kg,4.20,19,5,7,0,0,0.417,109 1/3,96,9,41,2,107,55,51,1.25,0,0,7,0,465,1804,0.232,23,3,2,6,0,5,0
55215,두산,양재훈,두산30양재훈,30,투수,우투우타,2003년 05월 01일,186cm/89kg,4.24,19,0,0,1,0,-,23 1/3,19,3,8,0,19,11,11,1.16,0,0,0,0,93,380,0.226,4,0,0,1,0,0,0
55268,두산,최민석,두산68최민석,68,투수,우투우타,2006년 07월 02일,188cm/84kg,4.40,17,3,3,0,0,0.500,77 2/3,72,7,34,5,53,41,38,1.36,0,0,4,0,333,1342,0.248,15,1,3,1,1,5,1
51264,두산,최승용,두산28최승용,28,투수,좌투좌타,2001년 05월 11일,190cm/87kg,4.41,23,5,7,0,0,0.417,116 1/3,121,8,36,6,71,60,57,1.35,0,0,9,0,507,1958,0.265,20,4,5,3,0,4,0
55257,두산,콜어빈,두산57콜어빈,57,투수,좌투좌타,1994년 01월 31일,193cm/102kg,4.48,28,8,12,0,0,0.400,144 2/3,142,9,79,18,128,80,72,1.53,0,0,10,0,649,2593,0.268,26,3,14,8,1,6,0
55267,두산,홍민규,두산67홍민규,67,투수,우투좌타,2006년 09월 11일,183cm/87kg,4.59,20,2,1,1,0,0.667,33 1/3,37,4,15,1,17,19,17,1.56,0,0,0,0,151,571,0.280,6,0,0,3,0,4,0
68200,두산,김민규,두산19김민규,19,투수,우투좌타,1999년 05월 07일,183cm/90kg,4.66,7,1,1,0,0,0.500,9 2/3,9,1,6,4,6,5,5,1.55,0,0,0,0,47,199,0.273,3,0,0,4,0,0,0
67263,두산,최원준,두산61최원준,61,투수,우언우타,1994년 12월 21일,182cm/91kg,4.71,47,4,7,0,9,0.364,107,105,18,38,4,62,59,56,1.34,0,0,5,2,456,1852,0.258,17,2,4,3,2,4,0
50211,두산,제환유,두산93제환유,93,투수,우투좌타,2000년 09월 30일,183cm/76kg,4.96,6,0,1,0,0,0.000,16 1/3,17,2,12,1,8,10,9,1.78,0,0,0,0,78,304,0.270,1,0,1,1,1,0,0
67246,두산,김명신,두산46김명신,46,투수,우투우타,1993년 11월 29일,178cm/90kg,5.40,8,0,0,0,0,-,8 1/3,13,0,3,1,6,8,5,1.92,0,0,0,0,43,202,0.342,3,1,0,1,0,1,0
50206,두산,최종인,두산40최종인,40,투수,우투우타,2001년 05월 01일,185cm/84kg,5.40,3,0,0,0,0,-,1 2/3,1,0,3,0,5,1,1,2.40,0,0,0,0,9,46,0.167,0,0,0,0,0,2,0
61643,두산,홍건희,두산52홍건희,52,투수,우투우타,1992년 09월 29일,187cm/97kg,6.19,20,2,1,0,0,0.667,16,18,2,15,0,15,13,11,2.06,0,0,0,0,83,341,0.273,1,0,2,0,1,0,0
52204,두산,이병헌,두산29이병헌,29,투수,좌투좌타,2003년 06월 04일,183cm/95kg,6.23,22,0,0,0,4,-,13,11,1,10,0,9,9,9,1.62,0,0,0,0,56,216,0.244,1,0,0,1,2,0,0
52206,두산,최지강,두산42최지강,42,투수,우투좌타,2001년 07월 23일,180cm/88kg,6.34,39,2,5,0,5,0.286,32 2/3,41,3,13,2,38,25,23,1.65,0,0,0,4,149,582,0.313,5,0,3,0,1,3,0
68269,두산,김호준,두산56김호준,56,투수,좌투좌타,1998년 05월 17일,180cm/82kg,6.75,19,0,1,0,1,0.000,10 2/3,14,2,7,0,7,11,8,1.97,0,0,0,1,54,218,0.298,3,0,0,0,1,1,0
52202,두산,윤태호,두산65윤태호,65,투수,우투우타,2003년 10월 10일,190cm/88kg,6.75,10,0,1,0,1,0.000,17 1/3,16,2,5,0,16,14,13,1.21,0,0,0,0,73,287,0.246,6,0,2,1,0,2,0
72523,두산,고효준,두산29고효준,29,투수,좌투좌타,1983년 02월 08일,179cm/81kg,6.86,45,2,1,0,9,0.667,21,29,4,14,1,19,16,16,2.05,0,0,0,3,104,441,0.337,2,1,2,1,1,4,0
53259,두산,최준호,두산59최준호,59,투수,우투우타,2004년 06월 03일,188cm/90kg,8.44,9,1,2,0,0,0.333,16,18,4,9,2,11,15,15,1.69,0,0,0,0,74,305,0.290,5,0,0,1,0,2,0
53262,두산,김유성,두산55김유성,55,투수,우투우타,2002년 01월 01일,190cm/98kg,8.83,7,0,2,0,0,0.000,17 1/3,17,3,14,4,22,17,17,1.79,0,0,0,0,85,385,0.254,2,0,0,0,0,1,0
54944,NC,데이비슨,NC34데이비슨,34,투수,우투우타,1991년 03월 26일,190cm/104kg,0.00,1,0,0,0,0,-,1/3,0,0,0,0,0,0,0,0.00,0,0,0,0,1,2,0.000,0,0,0,0,0,0,0
65933,NC,구창모,NC59구창모,59,투수,좌투좌타,1997년 02월 17일,183cm/85kg,2.51,4,1,0,0,0,1.000,14 1/3,14,1,3,0,18,4,4,1.19,0,0,0,0,59,250,0.250,3,0,0,0,0,1,0
68900,NC,김영규,NC17김영규,17,투수,좌투좌타,2000년 02월 10일,188cm/86kg,2.86,45,4,3,0,21,0.571,44,40,3,18,3,35,17,14,1.32,0,0,0,1,189,762,0.253,4,0,5,5,4,6,0
65949,NC,류진욱,NC41류진욱,41,투수,우투우타,1996년 10월 10일,189cm/88kg,3.27,62,4,3,29,0,0.571,66,50,6,28,6,57,27,24,1.18,0,0,0,1,275,1061,0.210,7,1,2,1,3,5,0
67954,NC,김진호,NC54김진호,54,투수,우투우타,1998년 06월 07일,183cm/90kg,3.36,76,4,3,6,20,0.571,72 1/3,53,5,45,9,70,30,27,1.35,0,0,0,5,316,1303,0.205,12,1,2,1,1,9,1
55903,NC,라일리,NC3라일리,3,투수,우투우타,1996년 07월 09일,190cm/100kg,3.45,30,17,7,0,0,0.708,172,136,18,56,3,216,76,66,1.12,0,0,16,0,709,2916,0.212,25,2,4,4,0,5,0
52902,NC,임지민,NC19임지민,19,투수,우투우타,2003년 10월 11일,185cm/82kg,3.86,7,0,1,0,1,0.000,4 2/3,1,0,5,0,7,2,2,1.29,0,0,0,1,20,84,0.071,0,0,0,1,0,0,0
69969,NC,전사민,NC57전사민,57,투수,우투우타,1999년 07월 06일,194cm/85kg,4.26,74,7,7,2,13,0.500,82 1/3,86,3,33,11,62,45,39,1.45,0,0,0,4,370,1341,0.273,12,2,8,3,4,7,0
54904,NC,손주환,NC46손주환,46,투수,우투우타,2002년 01월 05일,177cm/85kg,4.35,52,6,1,0,7,0.857,51 2/3,53,5,19,1,37,29,25,1.39,0,0,0,0,224,807,0.264,5,0,1,2,0,0,0
64995,NC,배재환,NC61배재환,61,투수,우투우타,1995년 02월 24일,186cm/95kg,4.48,70,2,4,2,24,0.333,60 1/3,48,3,37,11,51,36,30,1.41,0,0,0,3,271,1117,0.221,6,1,6,0,4,6,0
55912,NC,로건,NC43로건,43,투수,좌투우타,1997년 05월 23일,186cm/105kg,4.53,32,7,12,0,0,0.368,173,180,18,67,10,149,98,87,1.43,0,0,16,0,770,3037,0.263,30,2,3,5,3,6,0
68902,NC,신민혁,NC18신민혁,18,투수,우투우타,1999년 02월 04일,184cm/95kg,4.77,28,6,3,0,0,0.667,132,148,23,26,6,84,76,70,1.32,1,0,5,0,568,2292,0.281,18,2,4,5,1,3,0
63959,NC,임정호,NC30임정호,30,투수,좌투좌타,1990년 04월 16일,188cm/90kg,4.82,31,1,1,0,4,0.500,18 2/3,18,3,9,4,15,13,10,1.45,0,0,0,2,88,336,0.254,3,1,3,1,1,1,0
55995,NC,김태훈,NC69김태훈,69,투수,우투우타,2006년 10월 26일,188cm/88kg,5.21,18,0,0,0,0,-,19,17,4,16,1,9,15,11,1.74,0,0,0,0,94,356,0.224,2,0,1,0,0,5,0
67962,NC,소이현,NC소이현,,투수,우투우타,1999년 02월 09일,185cm/93kg,5.63,7,0,0,0,0,-,8,5,0,7,1,3,5,5,1.50,0,0,0,0,36,140,0.192,1,0,1,1,0,2,0
53973,NC,목지훈,NC20목지훈,20,투수,우투우타,2004년 05월 11일,181cm/83kg,6.05,16,3,5,0,0,0.375,58,68,6,42,5,45,42,39,1.90,0,0,1,0,280,1115,0.298,8,3,2,3,1,9,2
64580,NC,김재열,NC21김재열,21,투수,우투우타,1996년 01월 02일,183cm/97kg,6.23,22,0,0,0,2,-,21 2/3,32,5,16,1,16,16,15,2.22,0,0,0,0,111,402,0.356,6,1,2,2,1,2,0
66920,NC,최성영,NC26최성영,26,투수,좌투좌타,1997년 04월 28일,180cm/85kg,6.23,35,2,2,0,4,0.500,47 2/3,62,6,28,3,33,33,33,1.89,0,0,0,0,228,921,0.330,13,2,4,5,1,2,1
52995,NC,김녹원,NC1김녹원,1,투수,우투우타,2003년 05월 17일,182cm/88kg,6.56,21,3,4,0,1,0.429,70,75,10,47,3,37,53,51,1.74,0,0,0,0,327,1290,0.277,13,1,5,1,0,4,0
68639,NC,하준영,NC29하준영,29,투수,좌투좌타,1999년 09월 06일,182cm/79kg,6.75,10,1,1,0,1,0.500,5 1/3,10,0,7,0,5,4,4,3.19,0,0,0,0,33,126,0.385,4,0,0,0,1,0,0
52903,NC,조민석,NC47조민석,47,투수,우투좌타,1998년 12월 21일,180cm/81kg,6.92,6,0,1,0,0,0.000,13,12,3,11,2,4,10,10,1.77,0,0,0,0,61,258,0.250,2,0,0,0,0,2,0
52992,NC,이준혁,NC40이준혁,40,투수,우투우타,2003년 06월 30일,184cm/87kg,7.30,25,1,3,0,0,0.250,37,43,8,20,6,30,33,30,1.70,0,0,0,0,170,699,0.305,7,1,2,1,2,4,0
53919,NC,신영우,NC43신영우,43,투수,우투우타,2004년 04월 21일,182cm/84kg,7.53,8,1,3,0,0,0.250,14 1/3,8,2,16,3,19,13,12,1.67,0,0,0,0,68,307,0.174,2,0,1,2,0,4,0
54913,NC,김민규,NC15김민규,15,투수,우투우타,2001년 09월 07일,183cm/84kg,7.71,7,0,0,0,1,-,4 2/3,5,0,4,0,2,4,4,1.93,0,0,0,0,23,96,0.278,2,0,0,1,1,0,0
54903,NC,최우석,NC64최우석,64,투수,우투우타,2005년 03월 31일,190cm/90kg,8.16,12,0,0,0,0,-,14 1/3,23,1,9,0,15,16,13,2.23,0,0,0,0,75,282,0.359,5,0,1,1,0,5,0
66965,NC,도태훈,NC16도태훈,16,투수,우투좌타,1993년 03월 18일,184cm/85kg,9.00,1,0,0,0,0,-,1,3,1,0,0,1,1,1,3.00,0,0,0,0,6,16,0.500,0,0,0,0,0,0,0
77211,NC,이용찬,NC45이용찬,45,투수,우투우타,1989년 01월 02일,185cm/85kg,10.57,12,1,2,0,1,0.333,15 1/3,23,1,12,4,14,18,18,2.28,0,0,0,1,83,334,0.348,4,0,0,1,1,2,0
50992,NC,김태경,NC60김태경,60,투수,우투우타,2001년 04월 07일,188cm/95kg,10.64,6,0,0,0,1,-,11,18,4,9,2,10,20,13,2.45,0,0,0,0,62,266,0.367,3,0,2,0,1,1,0
67956,NC,김태현,NC김태현,,투수,좌투좌타,1998년 03월 21일,188cm/95kg,12.00,5,0,0,0,1,-,3,5,2,3,2,2,4,4,2.67,0,0,0,0,17,69,0.417,1,0,0,0,0,1,0
54900,NC,임상현,NC28임상현,28,투수,우투우타,2005년 07월 16일,184cm/89kg,18.00,1,0,0,0,0,-,1,2,0,3,0,0,2,2,5.00,0,0,0,0,8,34,0.400,1,0,0,0,0,0,0
62528,롯데,김원중,롯데34김원중,34,투수,우투좌타,1993년 06월 14일,192cm/96kg,2.67,53,4,3,32,0,0.571,60 2/3,58,4,33,2,69,21,18,1.50,0,0,0,6,272,1117,0.250,11,2,4,1,6,7,1
64017,롯데,심재민,롯데34심재민,34,투수,좌투우타,1994년 02월 18일,182cm/92kg,3.00,4,1,0,0,0,1.000,3,5,0,1,0,2,2,1,2.00,0,0,0,0,15,48,0.357,1,0,0,0,0,1,0
50596,롯데,홍민기,롯데38홍민기,38,투수,좌투좌타,2001년 07월 20일,185cm/85kg,3.09,25,0,2,0,3,0.000,32,24,0,11,2,39,13,11,1.09,0,0,0,0,129,510,0.211,5,1,0,2,0,1,0
55532,롯데,감보아,롯데32감보아,32,투수,좌투양타,1997년 01월 17일,185cm/92kg,3.58,19,7,8,0,0,0.467,108,97,6,49,4,117,54,43,1.35,0,0,11,0,475,1866,0.236,16,0,6,5,0,5,0
55536,롯데,데이비슨,롯데데이비슨,,투수,좌투좌타,1996년 03월 25일,188cm/97kg,3.65,22,10,5,0,0,0.667,123 1/3,123,10,48,5,119,53,50,1.39,0,0,11,0,529,2100,0.262,20,2,4,2,0,4,1
68556,롯데,정성종,롯데18정성종,18,투수,우투좌타,1995년 11월 16일,181cm/93kg,3.86,2,0,0,0,0,-,2 1/3,3,1,0,0,0,1,1,1.29,0,0,0,0,10,37,0.300,1,0,0,0,0,0,0
67539,롯데,나균안,롯데43나균안,43,투수,우투우타,1998년 03월 16일,186cm/109kg,3.87,28,3,7,0,0,0.300,137 1/3,143,13,50,5,116,67,59,1.41,0,0,9,0,601,2328,0.268,23,3,7,5,0,3,0
54537,롯데,정현수,롯데57정현수,57,투수,좌투좌타,2001년 05월 10일,180cm/84kg,3.97,82,2,0,0,12,1.000,47 2/3,34,4,26,2,47,23,21,1.26,0,0,0,0,203,851,0.201,9,0,3,3,0,2,0
65522,롯데,김강현,롯데19김강현,19,투수,우투좌타,1995년 02월 27일,177cm/84kg,4.00,67,2,2,0,4,0.500,72,69,9,21,7,36,37,32,1.25,0,0,0,0,306,1135,0.254,15,1,2,4,0,4,0
51594,롯데,송재영,롯데59송재영,59,투수,좌투좌타,2002년 06월 20일,181cm/84kg,4.00,46,1,0,0,3,1.000,27,19,3,24,0,28,13,12,1.59,0,0,0,0,121,491,0.202,4,0,1,2,0,2,0
68242,롯데,정철원,롯데65정철원,65,투수,우투우타,1999년 03월 27일,192cm/95kg,4.24,75,8,3,0,21,0.727,70,72,4,28,7,55,34,33,1.43,0,0,0,6,312,1169,0.268,13,1,3,5,2,5,0
55566,롯데,김태현,롯데66김태현,66,투수,좌투좌타,2005년 11월 16일,185cm/87kg,4.50,1,0,0,0,0,-,2,1,0,4,0,2,2,1,2.50,0,0,0,0,12,51,0.143,0,0,0,1,0,0,0
64021,롯데,박세웅,롯데21박세웅,21,투수,우투우타,1995년 11월 30일,182cm/85kg,4.93,29,11,13,0,0,0.458,160 2/3,183,15,54,8,156,99,88,1.48,0,0,12,0,722,2694,0.282,46,1,8,4,0,14,1
52530,롯데,이민석,롯데37이민석,37,투수,우투우타,2003년 12월 10일,189cm/95kg,5.26,20,2,5,0,0,0.286,87 1/3,104,10,56,2,61,56,51,1.83,0,0,4,0,417,1596,0.295,13,2,3,4,0,2,0
50556,롯데,최준용,롯데56최준용,56,투수,우투우타,2001년 10월 10일,185cm/85kg,5.30,49,4,4,1,17,0.500,54 1/3,50,5,16,6,62,35,32,1.21,0,0,0,4,234,910,0.243,9,1,4,2,0,3,0
52528,롯데,반즈,롯데반즈,,투수,좌투좌타,1995년 10월 01일,189cm/91kg,5.32,8,3,4,0,0,0.429,45 2/3,47,4,17,2,38,31,27,1.40,0,0,3,0,204,761,0.258,14,2,2,1,0,2,0
69594,롯데,박진,롯데44박진,44,투수,우투우타,1999년 04월 02일,182cm/106kg,5.32,51,3,3,1,3,0.500,69 1/3,76,10,22,1,50,42,41,1.41,0,0,0,1,302,1172,0.277,10,3,1,4,0,5,0
51546,롯데,정우준,롯데103정우준,103,투수,우투우타,2000년 03월 17일,180cm/82kg,5.40,3,0,0,0,0,-,3 1/3,6,0,0,1,3,2,2,1.80,0,0,0,0,16,58,0.400,3,0,0,0,0,0,0
62363,롯데,한현희,롯데1한현희,1,투수,우언우타,1993년 06월 25일,182cm/98kg,6.23,3,0,0,0,1,-,8 2/3,13,2,2,1,8,6,6,1.73,0,0,0,0,41,161,0.342,2,0,0,0,0,1,0
76430,롯데,김태혁,롯데24김태혁,24,투수,우투우타,1988년 01월 02일,180cm/88kg,6.38,45,0,1,2,3,0.000,36 2/3,48,4,18,3,27,26,26,1.80,0,0,0,0,180,644,0.314,10,0,2,4,2,1,0
63543,롯데,구승민,롯데22구승민,22,투수,우투우타,1990년 06월 12일,182cm/86kg,7.00,11,0,1,0,1,0.000,9,9,1,7,1,10,10,7,1.78,0,0,0,0,45,187,0.243,1,1,0,0,0,0,0
67588,롯데,윤성빈,롯데55윤성빈,55,투수,우투우타,1999년 02월 26일,197cm/90kg,7.67,31,1,2,0,0,0.333,27,26,3,20,4,44,23,23,1.70,0,0,0,0,130,524,0.245,7,0,0,0,1,6,0
54503,롯데,박준우,롯데58박준우,58,투수,우투우타,2005년 05월 27일,190cm/94kg,8.03,11,1,2,0,1,0.333,12 1/3,21,0,6,1,11,11,11,2.19,0,0,0,1,64,238,0.368,3,1,0,0,0,0,0
55526,롯데,벨라스케즈,롯데26벨라스케즈,26,투수,우투우타,1992년 06월 07일,190cm/95kg,8.23,11,1,4,0,0,0.200,35,47,7,18,3,28,32,32,1.86,0,0,1,0,168,651,0.324,10,1,2,0,0,1,2
63512,롯데,박진형,롯데40박진형,40,투수,우투우타,1994년 06월 10일,181cm/77kg,8.44,7,0,0,0,0,-,5 1/3,9,1,3,0,5,7,5,2.25,0,0,0,0,29,104,0.346,3,0,0,0,0,0,0
55503,롯데,이영재,롯데40이영재,40,투수,좌투좌타,2006년 10월 20일,180cm/71kg,9.00,3,0,0,0,0,-,2,5,1,0,1,2,2,2,2.50,0,0,0,0,11,43,0.500,1,0,0,0,0,0,0
51516,롯데,김진욱,롯데15김진욱,15,투수,좌투좌타,2002년 07월 05일,185cm/90kg,10.00,14,1,3,0,0,0.250,27,42,10,16,2,24,32,30,2.15,0,0,1,2,136,544,0.365,6,0,2,1,0,0,0
60559,롯데,박시영,롯데박시영,,투수,우투우타,1989년 03월 10일,181cm/92kg,11.05,11,1,0,0,0,1.000,7 1/3,9,0,9,2,10,9,9,2.45,0,0,0,0,42,169,0.290,4,0,0,0,0,0,0
55568,롯데,박세현,롯데박세현,,투수,우투우타,2006년 01월 21일,183cm/88kg,14.73,3,0,0,0,0,-,3 2/3,8,1,1,1,4,6,6,2.45,0,0,0,0,21,65,0.421,5,0,0,0,0,0,0
50848,SSG,김성민,SSG11김성민,11,투수,우투우타,2001년 04월 30일,185cm/97kg,0.00,2,1,0,0,0,1.000,2/3,0,0,2,0,0,0,0,3.00,0,0,0,0,4,22,0.000,0,0,0,0,0,1,0
55860,SSG,신지환,SSG60신지환,60,투수,좌투좌타,2006년 04월 17일,180cm/81kg,0.00,1,0,0,0,0,-,1,0,0,0,1,1,0,0,0.00,0,0,0,0,4,18,0.000,0,0,0,0,0,0,0
51897,SSG,조병현,SSG19조병현,19,투수,우투우타,2002년 05월 08일,182cm/90kg,1.60,69,5,4,30,0,0.556,67 1/3,42,5,18,0,79,13,12,0.89,0,0,0,2,255,1088,0.179,7,0,1,1,2,1,0
53892,SSG,이로운,SSG92이로운,92,투수,우투우타,2004년 09월 11일,185cm/105kg,1.99,75,6,5,1,33,0.545,77,56,7,26,0,66,19,17,1.06,0,0,0,1,305,1261,0.206,4,1,4,3,5,2,0
73211,SSG,노경은,SSG38노경은,38,투수,우투우타,1984년 03월 11일,187cm/100kg,2.14,77,3,6,3,35,0.333,80,60,2,25,3,68,22,19,1.06,0,0,0,6,320,1177,0.215,10,0,9,4,5,3,0
54833,SSG,앤더슨,SSG33앤더슨,33,투수,우투우타,1994년 03월 22일,194cm/83kg,2.25,30,12,7,0,0,0.632,171 2/3,121,13,51,9,245,53,43,1.00,0,0,17,0,694,2792,0.193,17,1,3,3,1,10,0
65343,SSG,김택형,SSG43김택형,43,투수,좌투좌타,1996년 10월 10일,185cm/90kg,2.78,25,0,0,0,1,-,22 2/3,19,0,10,3,14,7,7,1.28,0,0,0,0,95,371,0.235,6,0,1,0,0,2,0
55855,SSG,화이트,SSG화이트,,투수,우투우타,1994년 12월 28일,190cm/95kg,2.87,24,11,4,0,0,0.733,134 2/3,111,9,44,8,137,51,43,1.15,1,0,12,0,562,2165,0.221,17,2,4,3,1,6,0
68043,SSG,김민,SSG1김민,1,투수,우투우타,1999년 04월 14일,185cm/88kg,2.97,70,5,2,1,22,0.714,63 2/3,60,7,17,6,65,23,21,1.21,0,0,0,4,266,944,0.251,7,0,4,0,2,4,0
54802,SSG,박기호,SSG박기호,,투수,우투우타,2005년 07월 26일,184cm/80kg,3.00,18,0,0,0,2,-,24,23,3,12,8,13,10,8,1.46,0,0,0,0,110,451,0.267,2,0,3,1,1,2,0
50812,SSG,박시후,SSG57박시후,57,투수,좌투좌타,2001년 05월 10일,182cm/88kg,3.27,52,6,2,0,3,0.750,52 1/3,45,5,29,5,34,24,19,1.41,0,0,0,0,231,930,0.233,3,0,3,1,1,0,1
51867,SSG,김건우,SSG39김건우,39,투수,좌투좌타,2002년 07월 12일,186cm/88kg,3.82,35,5,4,0,2,0.556,66,53,2,49,7,68,31,28,1.55,0,0,0,0,301,1241,0.220,14,0,2,2,1,4,0
68856,SSG,최민준,SSG30최민준,30,투수,우투우타,1999년 06월 11일,178cm/83kg,3.97,40,2,2,0,1,0.500,65 2/3,72,6,24,3,44,34,29,1.46,0,0,0,0,287,1172,0.289,7,0,7,4,0,3,0
52809,SSG,전영준,SSG28전영준,28,투수,우투우타,2002년 04월 16일,190cm/100kg,4.61,34,1,5,0,0,0.167,52 2/3,48,5,26,5,55,28,27,1.41,0,0,0,0,228,993,0.249,9,0,3,1,1,3,0
68092,SSG,한두솔,SSG34한두솔,34,투수,좌투좌타,1997년 01월 15일,177cm/86kg,4.95,44,2,0,1,3,1.000,36 1/3,46,1,19,1,27,22,20,1.79,0,0,0,1,169,649,0.317,5,0,2,2,1,1,0
77829,SSG,김광현,SSG29김광현,29,투수,좌투좌타,1988년 07월 22일,188cm/88kg,5.00,28,10,10,0,0,0.500,144,164,13,50,4,138,86,80,1.49,0,0,9,0,636,2453,0.286,28,1,5,3,1,6,0
62869,SSG,문승원,SSG42문승원,42,투수,우투우타,1989년 11월 28일,180cm/88kg,5.13,23,4,7,0,0,0.364,105 1/3,109,16,38,5,61,61,60,1.40,0,0,5,0,452,1783,0.273,23,3,6,4,0,4,0
53898,SSG,송영진,SSG55송영진,55,투수,우투양타,2004년 05월 28일,185cm/90kg,5.83,21,2,5,0,0,0.286,63 1/3,77,10,31,3,40,45,41,1.71,0,0,1,0,288,1070,0.312,5,1,3,4,1,2,0
54803,SSG,최현석,SSG21최현석,21,투수,우투우타,2003년 10월 16일,185cm/90kg,6.23,13,0,0,0,0,-,17 1/3,21,5,6,2,11,13,12,1.56,0,0,0,0,77,290,0.304,2,0,0,0,0,1,0
61895,SSG,서진용,SSG22서진용,22,투수,우투우타,1992년 10월 02일,184cm/88kg,6.75,2,0,0,0,0,-,1 1/3,1,0,3,0,0,1,1,3.00,0,0,0,0,7,27,0.250,0,0,0,0,0,0,0
60841,SSG,박종훈,SSG50박종훈,50,투수,우언우타,1991년 08월 13일,186cm/90kg,7.11,5,0,2,0,0,0.000,19,15,4,18,5,10,17,15,1.74,0,0,1,0,90,370,0.231,1,0,1,1,0,0,0
66858,SSG,정동윤,SSG51정동윤,51,투수,우투좌타,1997년 10월 22일,193cm/103kg,8.31,12,0,0,0,0,-,17 1/3,21,2,12,0,17,16,16,1.90,0,0,0,0,82,317,0.309,6,0,1,1,0,1,0
55730,한화,폰세,한화30폰세,30,투수,우투우타,1994년 04월 25일,198cm/115kg,1.89,29,17,1,0,0,0.944,180 2/3,128,10,41,6,252,41,38,0.94,0,0,20,0,697,2854,0.199,18,0,3,4,0,7,3
65769,한화,김범수,한화49김범수,49,투수,좌투좌타,1995년 10월 03일,181cm/92kg,2.25,73,2,1,2,6,0.667,48,30,0,22,4,41,17,12,1.08,0,0,0,0,195,780,0.181,5,0,2,1,1,1,0
61666,한화,한승혁,한화35한승혁,35,투수,우투좌타,1993년 01월 03일,185cm/100kg,2.25,71,3,3,3,16,0.500,64,56,4,23,7,53,18,16,1.23,0,0,0,5,269,1002,0.236,5,1,2,0,1,3,0
55743,한화,정우주,한화61정우주,61,투수,우투우타,2006년 11월 07일,184cm/88kg,2.85,51,3,0,0,3,1.000,53 2/3,34,6,21,10,82,18,17,1.02,0,0,0,0,228,1007,0.177,6,1,3,2,0,3,1
54755,한화,와이스,한화55와이스,55,투수,우투우타,1996년 12월 10일,193cm/95kg,2.87,30,16,5,0,0,0.762,178 2/3,127,13,56,13,207,63,57,1.02,0,0,21,0,725,2837,0.197,30,1,4,6,0,5,2
51715,한화,김기중,한화47김기중,47,투수,좌투좌타,2002년 11월 16일,186cm/96kg,3.07,5,0,1,0,0,0.000,14 2/3,16,0,6,1,8,5,5,1.50,0,0,0,0,66,259,0.276,2,1,0,1,0,1,0
53754,한화,김서현,한화44김서현,44,투수,우투우타,2004년 05월 31일,188cm/86kg,3.14,69,2,4,33,2,0.333,66,52,4,31,8,71,23,23,1.26,0,0,0,4,280,1124,0.222,7,3,5,2,3,7,0
76715,한화,류현진,한화99류현진,99,투수,좌투우타,1987년 03월 25일,190cm/113kg,3.23,26,9,7,0,0,0.563,139 1/3,144,12,25,4,122,54,50,1.21,0,0,12,0,574,2268,0.267,22,3,5,0,2,2,0
63765,한화,김종수,한화38김종수,38,투수,우투우타,1994년 06월 03일,180cm/88kg,3.25,63,4,5,0,5,0.444,63 2/3,57,5,36,4,59,30,23,1.46,0,0,0,0,282,1104,0.245,17,1,4,5,1,2,1
52731,한화,박준영,한화96박준영,96,투수,우투우타,2003년 03월 02일,190cm/103kg,3.60,1,0,0,0,0,-,5,3,0,6,0,3,2,2,1.80,0,0,0,0,24,110,0.176,0,0,0,1,0,0,0
69213,한화,윤산흠,한화49윤산흠,49,투수,우투우타,1999년 05월 15일,178cm/74kg,3.78,12,0,0,0,0,-,16 2/3,16,1,5,3,17,7,7,1.26,0,0,0,0,73,268,0.246,5,0,0,0,0,1,1
60768,한화,이태양,한화44이태양,44,투수,우투좌타,1990년 07월 03일,192cm/97kg,3.97,14,0,1,0,0,0.000,11 1/3,14,0,5,1,8,5,5,1.68,0,0,0,1,51,181,0.318,5,0,1,0,1,0,0
52701,한화,문동주,한화1문동주,1,투수,우투우타,2003년 12월 23일,188cm/97kg,4.02,24,11,5,0,0,0.688,121,112,7,31,3,135,57,54,1.18,1,0,11,0,501,1947,0.243,16,5,3,4,0,11,0
54768,한화,조동욱,한화57조동욱,57,투수,좌투좌타,2004년 11월 02일,190cm/82kg,4.05,68,3,3,2,5,0.500,60,77,4,29,4,43,29,27,1.77,0,0,0,1,283,1068,0.313,16,0,2,2,3,7,1
67703,한화,박상원,한화58박상원,58,투수,우투우타,1994년 09월 09일,187cm/98kg,4.19,74,4,3,0,16,0.571,66 2/3,67,4,21,8,52,35,31,1.32,0,0,0,3,294,1128,0.261,14,1,4,4,0,4,0
65707,한화,주현상,한화66주현상,66,투수,우투우타,1992년 08월 10일,177cm/92kg,5.18,48,5,2,1,3,0.714,41 2/3,59,8,10,3,37,25,24,1.66,0,0,0,2,193,776,0.331,14,2,2,0,0,1,0
54729,한화,황준서,한화29황준서,29,투수,좌투좌타,2005년 08월 22일,185cm/78kg,5.30,23,2,8,0,0,0.200,56,54,7,26,2,57,37,33,1.43,0,0,2,0,242,1012,0.255,11,4,0,2,2,1,0
65056,한화,엄상백,한화11엄상백,11,투수,우언우타,1996년 10월 04일,187cm/72kg,6.58,28,2,7,0,1,0.222,80 2/3,106,13,38,8,74,60,59,1.79,0,0,2,0,379,1540,0.324,18,3,3,3,0,3,0
65117,한화,이상규,한화18이상규,18,투수,우투우타,1996년 10월 20일,185cm/77kg,8.00,5,0,1,0,0,0.000,9,16,0,4,0,5,9,8,2.22,0,0,0,0,47,155,0.372,2,1,0,0,0,0,0
55764,한화,권민규,한화64권민규,64,투수,좌투좌타,2006년 05월 13일,188cm/90kg,8.44,5,0,0,0,0,-,5 1/3,5,1,7,0,4,5,5,2.25,0,0,0,0,28,129,0.250,1,0,0,1,0,0,0
50705,한화,강재민,한화55강재민,55,투수,우언우타,1997년 04월 03일,180cm/89kg,9.00,4,0,0,0,0,-,4,6,1,2,1,5,4,4,2.00,0,0,0,0,20,92,0.375,1,0,0,1,0,0,0
54702,한화,원종혁,한화48원종혁,48,투수,우투우타,2005년 08월 27일,184cm/92kg,16.20,2,0,0,0,0,-,1 2/3,3,1,2,0,1,3,3,3.00,0,0,0,1,10,37,0.429,0,0,0,1,0,0,0
50711,한화,김승일,한화14김승일,14,투수,우언우타,2001년 07월 07일,183cm/85kg,23.63,5,0,0,0,0,-,2 2/3,3,1,3,3,3,7,7,2.25,0,0,0,0,17,68,0.273,0,0,0,0,0,1,0
52330,키움,주승우,키움주승우,,투수,우투우타,2000년 01월 30일,180cm/82kg,2.45,42,2,2,16,5,0.500,44,35,7,17,2,35,13,12,1.18,0,0,0,4,179,713,0.222,1,0,2,0,0,1,0
55348,키움,웰스,키움웰스,,투수,좌투좌타,1997년 02월 27일,185cm/83kg,3.15,4,1,1,0,0,0.500,20,18,0,6,1,16,8,7,1.20,0,0,2,0,85,329,0.234,3,0,0,1,0,0,0
55322,키움,로젠버그,키움로젠버그,,투수,좌투좌타,1995년 07월 09일,186cm/90kg,3.23,13,4,4,0,0,0.500,75 1/3,63,5,25,4,80,33,27,1.17,0,0,6,0,320,1265,0.220,13,2,3,1,0,2,0
69045,키움,알칸타라,키움54알칸타라,54,투수,우투우타,1992년 12월 04일,193cm/100kg,3.27,19,8,4,0,0,0.667,121,125,11,10,4,92,50,44,1.12,0,0,14,0,492,1796,0.267,20,3,6,3,0,3,0
67116,키움,오석주,키움31오석주,31,투수,우투우타,1998년 04월 14일,180cm/74kg,3.70,53,2,1,0,7,0.667,58 1/3,52,4,29,7,44,24,24,1.39,0,0,0,1,252,1032,0.249,6,1,3,4,0,3,0
55342,키움,메르세데스,키움42메르세데스,42,투수,좌투양타,1994년 03월 08일,188cm/82kg,4.47,8,3,3,0,0,0.500,46 1/3,54,5,9,0,41,24,23,1.36,0,0,2,0,197,764,0.292,12,0,2,1,0,2,1
53301,키움,박윤성,키움35박윤성,35,투수,우투우타,2004년 02월 08일,183cm/96kg,4.53,54,0,5,1,6,0.000,51 2/3,55,9,19,1,40,31,26,1.43,0,0,0,3,226,905,0.271,12,0,3,0,0,4,1
67828,키움,김성민,키움8김성민,8,투수,좌투좌타,1994년 04월 26일,181cm/90kg,4.68,29,0,3,0,1,0.000,25,25,1,13,5,18,15,13,1.52,0,0,0,1,113,397,0.272,3,3,2,1,1,0,0
64350,키움,하영민,키움50하영민,50,투수,우투우타,1995년 05월 07일,183cm/74kg,4.99,28,7,14,0,0,0.333,153 1/3,169,13,41,9,134,90,85,1.37,0,0,14,0,669,2506,0.278,29,3,8,2,1,7,0
52395,키움,윤석원,키움95윤석원,95,투수,좌투좌타,2003년 07월 04일,185cm/81kg,5.54,37,1,1,0,8,0.500,37 1/3,41,3,12,2,27,23,23,1.42,0,0,0,1,160,623,0.285,9,3,1,1,2,0,0
66018,키움,김선기,키움49김선기,49,투수,우투우타,1991년 09월 01일,187cm/98kg,5.65,44,1,7,0,2,0.125,78,96,6,47,11,43,55,49,1.83,0,0,0,0,381,1391,0.305,17,0,3,5,1,2,0
69360,키움,조영건,키움20조영건,20,투수,우투우타,1999년 02월 04일,180cm/85kg,5.68,51,5,5,8,7,0.500,77 2/3,84,12,38,4,47,51,49,1.57,0,0,0,2,353,1330,0.275,18,1,2,4,0,5,0
55313,키움,정현우,키움13정현우,13,투수,좌투좌타,2006년 04월 13일,181cm/91kg,5.86,18,3,7,0,0,0.300,81 1/3,92,8,48,6,55,63,53,1.72,0,0,3,0,384,1496,0.287,20,0,3,6,0,4,2
76118,키움,원종현,키움46원종현,46,투수,우언우타,1987년 07월 31일,182cm/88kg,6.13,61,2,4,5,11,0.333,54 1/3,68,5,18,3,40,42,37,1.58,0,0,0,6,248,931,0.313,8,2,7,3,2,6,0
54319,키움,김윤하,키움19김윤하,19,투수,우투우타,2005년 03월 07일,185cm/90kg,6.14,19,0,12,0,0,0.000,88,113,16,44,3,52,76,60,1.78,0,0,4,1,422,1645,0.309,18,2,5,4,1,2,0
50036,키움,이강준,키움11이강준,11,투수,우투우타,2001년 12월 14일,180cm/80kg,6.57,29,0,3,0,2,0.000,24 2/3,29,3,17,2,26,22,18,1.86,0,0,0,0,119,492,0.296,5,0,2,0,0,2,0
69328,키움,박주성,키움0박주성,0,투수,우투우타,2000년 11월 09일,181cm/90kg,6.58,18,2,3,0,1,0.400,52,63,9,16,3,26,40,38,1.52,0,0,2,0,235,865,0.300,11,2,2,4,0,2,0
54368,키움,김연주,키움68김연주,68,투수,우투우타,2004년 02월 27일,175cm/75kg,6.62,20,1,3,0,0,0.250,51 2/3,67,10,25,6,28,40,38,1.78,0,0,0,0,250,939,0.316,14,2,2,5,2,0,0
53164,키움,김동규,키움99김동규,99,투수,우투우타,2004년 07월 09일,194cm/100kg,6.75,9,0,0,0,0,-,8,13,2,11,0,10,11,6,3.00,0,0,0,0,49,203,0.342,1,0,0,0,0,4,0
55394,키움,박정훈,키움94박정훈,94,투수,좌투좌타,2006년 03월 23일,192cm/103kg,7.43,16,0,1,1,0,0.000,23,24,1,20,4,7,24,19,1.91,0,0,0,0,116,450,0.276,6,0,1,4,0,3,0
67365,키움,양지율,키움양지율,,투수,우투우타,1998년 12월 16일,185cm/103kg,8.36,18,0,2,0,1,0.000,14,18,3,7,3,10,13,13,1.79,0,0,0,0,69,268,0.305,1,2,0,0,0,1,0
55396,키움,윤현,키움96윤현,96,투수,우투우타,2006년 10월 20일,187cm/90kg,8.59,17,2,1,0,0,0.667,22,31,2,23,5,15,28,21,2.45,0,0,0,1,125,514,0.326,4,1,0,2,0,5,0
55301,키움,이준우,키움42이준우,42,투수,우투우타,2001년 03월 02일,183cm/93kg,8.61,31,1,4,0,3,0.200,23,37,6,12,1,22,23,22,2.13,0,0,0,0,118,469,0.359,7,1,2,0,0,0,0
54362,키움,전준표,키움62전준표,62,투수,우투우타,2005년 05월 07일,186cm/90kg,8.85,21,2,2,0,1,0.500,20 1/3,33,2,19,3,15,22,20,2.56,0,0,0,0,114,400,0.375,8,0,3,1,3,3,0
55300,키움,손힘찬,키움100손힘찬,100,투수,우투우타,2002년 07월 17일,191cm/88kg,11.25,4,0,0,0,0,-,4,5,0,4,1,4,5,5,2.25,0,0,0,0,22,84,0.294,2,0,0,0,0,1,0
54363,키움,손현기,키움63손현기,63,투수,좌투좌타,2005년 10월 22일,188cm/88kg,15.00,2,0,0,0,0,-,3,4,1,6,1,1,5,5,3.33,0,0,0,0,18,78,0.364,1,0,0,0,0,1,0
55377,키움,정세영,키움64정세영,64,투수,좌투좌타,2006년 09월 23일,177cm/82kg,16.88,4,0,1,0,0,0.000,2 2/3,9,0,4,0,2,6,5,4.88,0,0,0,0,22,84,0.500,2,0,0,0,0,1,0
55359,키움,김서준,키움59김서준,59,투수,우투좌타,2006년 12월 22일,187cm/83kg,20.25,4,0,0,0,0,-,5 1/3,14,2,5,0,4,12,12,3.56,0,0,0,0,34,123,0.500,5,0,0,1,0,1,0
55382,키움,임진묵,키움69임진묵,69,투수,우투우타,2006년 04월 23일,181cm/85kg,24.55,4,0,0,0,0,-,3 2/3,10,0,5,1,3,11,10,4.09,0,0,0,0,28,108,0.476,2,1,0,1,0,1,0
