date,product,demand
2026-04-01,P1,189600
2026-04-02,P1,178400
2026-04-03,P1,186200
2026-04-06,P1,193100
2026-04-07,P1,196500
2026-04-08,P1,210500
2026-04-09,P1,204000
2026-04-10,P1,206000
2026-04-13,P1,201000
2026-04-14,P1,206500
2026-04-15,P1,211000
2026-04-16,P1,217500
2026-04-17,P1,216000
2026-04-20,P1,214500
2026-04-21,P1,219000
2026-04-22,P1,217500
2026-04-23,P1,224500
2026-04-24,P1,219500
2026-04-27,P1,224500
2026-04-28,P1,222000
2026-04-29,P1,226000
2026-04-30,P1,220500
2026-05-04,P1,232500
2026-05-06,P1,266000
2026-05-07,P1,271500
2026-05-08,P1,268500
2026-05-11,P1,285500
2026-05-12,P1,279000
2026-05-13,P1,284000
2026-05-14,P1,296000
2026-05-15,P1,270500
2026-05-18,P1,281000
2026-05-19,P1,275500
2026-05-20,P1,276000
2026-05-21,P1,299500
2026-05-22,P1,292500
2026-05-26,P1,299000
2026-05-27,P1,307000
2026-05-28,P1,299500
2026-05-29,P1,317000
2026-06-01,P1,349000
2026-06-02,P1,360500
2026-06-04,P1,351500
2026-06-05,P1,329000
2026-06-08,P1,295500
2026-06-09,P1,322000
2026-06-10,P1,302500
2026-06-11,P1,299000
2026-06-12,P1,322500
2026-06-15,P1,337000
2026-06-16,P1,343000
2026-06-17,P1,346500
2026-06-18,P1,362500
2026-06-19,P1,354000
2026-06-22,P1,353500
2026-06-23,P1,310000
2026-06-24,P1,340500
2026-06-25,P1,358500
2026-06-26,P1,339500
2026-06-29,P1,323000
2026-06-30,P1,334000
2026-07-01,P1,314500
2026-07-02,P1,286000
2026-07-03,P1,309500
2026-07-06,P1,318000
2026-07-07,P1,296000
2026-07-08,P1,277500
2026-07-09,P1,278000
2026-07-10,P1,285000
2026-07-13,P1,254500
2026-07-14,P1,263000
2026-07-15,P1,279500
2026-07-16,P1,255000
2026-07-20,P1,244000
2026-07-21,P1,259000
2026-07-22,P1,260500
2026-07-23,P1,270000
2026-07-24,P1,249500
2026-07-27,P1,254000
2026-07-28,P1,220000
2026-07-29,P1,208500
2026-07-30,P1,207000
2026-07-31,P1,262500
2026-08-03,P1,239500
2026-08-04,P1,240000
2026-08-05,P1,246000
2026-08-06,P1,230500
2026-08-07,P1,231000
2026-08-10,P1,230000
2026-08-11,P1,239500
2026-08-12,P1,255500
2026-08-13,P1,268000
2026-08-14,P1,274500
2026-08-18,P1,268500
2026-08-19,P1,247500
2026-08-20,P1,271000
2026-08-21,P1,281500
2026-08-24,P1,257000
2026-08-25,P1,257000
2026-08-26,P1,261500
2026-08-27,P1,266000
2026-08-28,P1,257000
2026-08-31,P1,260000
2026-09-01,P1,261000
2026-09-02,P1,250500
2026-09-03,P1,250000
2026-09-04,P1,255500
2026-09-07,P1,270000
2026-09-08,P1,269500
2026-09-09,P1,269500
2026-09-10,P1,269000
2026-09-11,P1,259500
2026-09-14,P1,248500
2026-09-15,P1,250500
2026-09-16,P1,253500
2026-09-17,P1,256000
2026-09-18,P1,260000
2026-09-21,P1,275000
2026-09-22,P1,277500
2026-09-23,P1,286500
2026-09-28,P1,270000
2026-04-01,P2,68089
2026-04-02,P2,66892
2026-04-03,P2,66940
2026-04-04,P2,67304
2026-04-05,P2,68986
2026-04-06,P2,68864
2026-04-07,P2,71976
2026-04-08,P2,71117
2026-04-09,P2,71771
2026-04-10,P2,72973
2026-04-11,P2,73054
2026-04-12,P2,70757
2026-04-13,P2,74515
2026-04-14,P2,74181
2026-04-15,P2,74834
2026-04-16,P2,75149
2026-04-17,P2,77128
2026-04-18,P2,75728
2026-04-19,P2,73856
2026-04-20,P2,75875
2026-04-21,P2,76350
2026-04-22,P2,78195
2026-04-23,P2,78261
2026-04-24,P2,77445
2026-04-25,P2,77619
2026-04-26,P2,78645
2026-04-27,P2,77361
2026-04-28,P2,76345
2026-04-29,P2,75775
2026-04-30,P2,76287
2026-05-01,P2,78172
2026-05-02,P2,78655
2026-05-03,P2,78563
2026-05-04,P2,79824
2026-05-05,P2,80925
2026-05-06,P2,81425
2026-05-07,P2,80022
2026-05-08,P2,80189
2026-05-09,P2,80678
2026-05-10,P2,82146
2026-05-11,P2,81725
2026-05-12,P2,80481
2026-05-13,P2,79278
2026-05-14,P2,81052
2026-05-15,P2,79069
2026-05-16,P2,78135
2026-05-17,P2,77426
2026-05-18,P2,76952
2026-05-19,P2,76809
2026-05-20,P2,77460
2026-05-21,P2,77546
2026-05-22,P2,75483
2026-05-23,P2,76673
2026-05-24,P2,76988
2026-05-25,P2,77274
2026-05-26,P2,75824
2026-05-27,P2,74353
2026-05-28,P2,73540
2026-05-29,P2,73383
2026-05-30,P2,73751
2026-05-31,P2,73593
2026-06-01,P2,71360
2026-06-02,P2,66650
2026-06-03,P2,64022
2026-06-04,P2,63796
2026-06-05,P2,60922
2026-06-06,P2,60862
2026-06-07,P2,63255
2026-06-08,P2,63078
2026-06-09,P2,61658
2026-06-10,P2,61493
2026-06-11,P2,63552
2026-06-12,P2,63538
2026-06-13,P2,64378
2026-06-14,P2,65714
2026-06-15,P2,66301
2026-06-16,P2,65599
2026-06-17,P2,64423
2026-06-18,P2,62900
2026-06-19,P2,63514
2026-06-20,P2,64240
2026-06-21,P2,63232
2026-06-22,P2,63957
2026-06-23,P2,62652
2026-06-24,P2,60909
2026-06-25,P2,59713
2026-06-26,P2,59982
2026-06-27,P2,59943
2026-06-28,P2,60317
2026-06-29,P2,59995
2026-06-30,P2,59488
2026-07-01,P2,58660
2026-07-02,P2,60230
2026-07-03,P2,61663
2026-07-04,P2,62451
2026-07-05,P2,62728
2026-07-06,P2,62931
2026-07-07,P2,63321
2026-07-08,P2,62600
2026-07-09,P2,62814
2026-07-10,P2,63798
2026-07-11,P2,64170
2026-07-12,P2,63724
2026-07-13,P2,62749
2026-07-14,P2,62528
2026-07-15,P2,64810
2026-07-16,P2,64725
2026-07-17,P2,62871
2026-07-18,P2,63938
2026-07-19,P2,64668
2026-07-20,P2,63839
2026-07-21,P2,65871
2026-07-22,P2,65887
2026-07-23,P2,65749
2026-07-24,P2,65401
2026-07-25,P2,63935
2026-07-26,P2,64384
2026-07-27,P2,65397
2026-07-28,P2,63556
2026-07-29,P2,64348
2026-07-30,P2,63922
2026-07-31,P2,64213
2026-08-01,P2,63020
2026-08-02,P2,63435
2026-08-03,P2,62597
2026-08-04,P2,63608
2026-08-05,P2,64205
2026-08-06,P2,64772
2026-08-07,P2,64284
2026-08-08,P2,64971
2026-08-09,P2,64814
2026-08-10,P2,65251
2026-08-11,P2,63887
2026-08-12,P2,63616
2026-08-13,P2,63848
2026-08-14,P2,62983
2026-08-15,P2,63054
2026-08-16,P2,63014
2026-08-17,P2,63594
2026-08-18,P2,64229
2026-08-19,P2,64287
2026-08-20,P2,69803
2026-08-21,P2,75548
2026-08-22,P2,77440
2026-08-23,P2,76046
2026-08-24,P2,77465
2026-08-25,P2,80436
2026-08-26,P2,78913
2026-08-27,P2,78812
2026-08-28,P2,79938
2026-08-29,P2,77450
2026-08-30,P2,78269
2026-08-31,P2,78087
2026-09-01,P2,78747
2026-09-02,P2,77536
2026-09-03,P2,77782
2026-09-04,P2,80743
2026-09-05,P2,79667
2026-09-06,P2,79763
2026-09-07,P2,79653
2026-09-08,P2,78278
2026-09-09,P2,79111
2026-09-10,P2,78418
2026-09-11,P2,77263
2026-09-12,P2,77282
2026-09-13,P2,77058
2026-09-14,P2,77571
2026-09-15,P2,77235
2026-09-16,P2,75888
2026-09-17,P2,76418
2026-09-18,P2,77525
2026-09-19,P2,81026
2026-09-20,P2,80279
2026-09-21,P2,81619
2026-09-22,P2,85359
2026-09-23,P2,86458
2026-09-24,P2,84091
2026-09-25,P2,84022
2026-09-26,P2,83888
2026-09-27,P2,84856
2026-09-28,P2,83112
