JobID,M1,M2,M3,M4,M5,M6,M7,M8,M9,M10,M11,M12,M13,M14,M15,M16,M17,M18,M19,M20
1,61,122,99,104,113,114,72,61,70,78,128,84,66,95,64,103,65,90,129,104
2,64,127,100,108,116,119,75,66,75,82,133,85,70,97,69,108,66,91,132,108
3,63,125,99,106,115,117,74,64,73,80,131,84,68,96,67,106,65,90,131,106
4,60,121,98,103,112,113,71,60,69,77,127,83,65,95,63,102,64,89,128,103
5,64,127,100,108,116,119,75,66,75,82,133,85,70,97,69,108,66,91,132,108
6,61,123,99,104,113,115,72,62,71,78,129,84,66,96,65,104,65,90,129,104
7,59,120,98,102,111,112,70,59,68,76,126,83,64,94,62,101,64,89,127,102
8,64,127,100,107,116,119,75,66,75,81,133,85,69,97,69,108,66,91,132,107
9,64,128,100,108,116,120,75,67,76,82,134,85,70,98,70,109,66,91,132,108
10,64,128,100,108,116,120,75,67,76,82,134,85,70,97,70,109,66,91,132,108
11,61,122,99,104,113,114,72,61,70,78,128,84,66,95,64,103,65,90,129,104
12,61,122,99,103,113,114,72,61,70,77,128,84,65,95,64,103,65,90,129,103
13,60,120,98,102,112,112,71,59,68,76,126,83,64,94,62,101,64,89,128,102
14,62,124,99,105,114,116,73,63,72,79,130,84,67,96,66,105,65,90,130,105
15,63,125,99,106,115,117,74,64,73,80,131,84,68,96,67,106,65,90,131,106
16,61,122,99,103,113,114,72,61,70,77,128,84,65,95,64,103,65,90,129,103
17,64,127,100,107,116,119,75,66,75,81,133,85,69,97,69,108,66,91,132,107
18,60,121,98,103,112,113,71,60,69,77,127,83,65,95,63,102,64,89,128,103
19,60,121,98,103,112,113,71,60,69,77,127,83,65,95,63,102,64,89,128,103
20,62,124,99,105,114,116,73,63,72,79,130,84,67,96,66,105,65,90,130,105
21,60,121,98,103,112,113,71,60,69,77,127,83,65,95,63,102,64,89,128,103
22,60,120,98,102,112,112,71,59,68,76,126,83,64,94,62,101,64,89,128,102
23,63,126,99,107,115,118,74,65,74,81,132,84,69,97,68,107,65,90,131,107
24,59,119,98,101,111,111,70,58,67,75,125,83,63,94,61,100,64,89,127,101
25,62,124,99,105,114,116,73,63,72,79,130,84,67,96,66,105,65,90,130,105
26,60,121,98,103,112,113,71,60,69,77,127,83,65,95,63,102,64,89,128,103
27,59,120,98,102,111,112,70,59,68,76,126,83,64,94,62,101,64,89,127,102
28,61,122,99,103,113,114,72,61,70,77,128,84,65,95,64,103,65,90,129,103
29,63,126,99,107,115,118,74,65,74,81,132,84,69,97,68,107,65,90,131,107
30,64,127,100,108,116,119,75,66,75,82,133,85,70,97,69,108,66,91,132,108
31,62,123,99,104,114,115,73,62,71,78,129,84,66,96,65,104,65,90,130,104
32,61,122,99,104,113,114,72,61,70,78,128,84,66,95,64,103,65,90,129,104
33,62,125,99,106,114,117,73,64,73,80,131,84,68,96,67,106,65,90,130,106
34,63,126,99,106,115,118,74,65,74,80,132,84,68,97,68,107,65,90,131,106
35,61,122,99,104,113,114,72,61,70,78,128,84,66,95,64,103,65,90,129,104
36,64,127,100,107,116,119,75,66,75,81,133,85,69,97,69,108,66,91,132,107
37,65,128,100,109,117,120,76,67,76,83,134,85,71,98,70,109,66,91,133,109
38,62,125,99,106,114,117,73,64,73,80,131,84,68,96,67,106,65,90,130,106
39,64,128,100,108,116,120,75,67,76,82,134,85,70,97,70,109,66,91,132,108
40,63,125,99,106,115,117,74,64,73,80,131,84,68,96,67,106,65,90,131,106
41,64,127,100,107,116,119,75,66,75,81,133,85,69,97,69,108,66,91,132,107
42,61,122,99,104,113,114,72,61,70,78,128,84,66,95,64,103,65,90,129,104
43,59,119,98,101,111,111,70,58,67,75,125,83,63,94,61,100,64,89,127,101
44,64,127,100,107,116,119,75,66,75,81,133,85,69,97,69,108,66,91,132,107
45,64,127,100,107,116,119,75,66,75,81,133,85,69,97,69,108,66,91,132,107
46,59,120,98,101,111,112,70,59,68,75,126,83,63,94,62,101,64,89,127,101
47,62,124,99,105,114,116,73,63,72,79,130,84,67,96,66,105,65,90,130,105
48,60,121,98,103,112,113,71,60,69,77,127,83,65,95,63,102,64,89,128,103
49,64,127,100,107,116,119,75,66,75,81,133,85,69,97,69,108,66,91,132,107
50,62,124,99,105,114,116,73,63,72,79,130,84,67,96,66,105,65,90,130,105
51,64,128,100,108,116,120,75,67,76,82,134,85,70,98,70,109,66,91,132,108
52,60,121,98,103,112,113,71,60,69,77,127,83,65,95,63,102,64,89,128,103
53,62,125,99,106,114,117,73,64,73,80,131,84,68,96,67,106,65,90,130,106
54,64,128,100,108,116,120,75,67,76,82,134,85,70,98,70,109,66,91,132,108
55,63,125,99,106,115,117,74,64,73,80,131,84,68,96,67,106,65,90,131,106
56,62,124,99,105,114,116,73,63,72,79,130,84,67,96,66,105,65,90,130,105
57,63,126,99,107,115,118,74,65,74,81,132,84,69,97,68,107,65,90,131,107
58,64,128,100,108,116,120,75,67,76,82,134,85,70,98,70,109,66,91,132,108
59,59,120,98,102,111,112,70,59,68,76,126,83,64,94,62,101,64,89,127,102
60,60,120,98,102,112,112,71,59,68,76,126,83,64,94,62,101,64,89,128,102
61,62,124,99,105,114,116,73,63,72,79,130,84,67,96,66,105,65,90,130,105
62,61,122,99,103,113,114,72,61,70,77,128,84,65,95,64,103,65,90,129,103
63,64,127,100,107,116,119,75,66,75,81,133,85,69,97,69,108,66,91,132,107
64,60,121,98,103,112,113,71,60,69,77,127,83,65,95,63,102,64,89,128,103
65,63,125,99,106,115,117,74,64,73,80,131,84,68,96,67,106,65,90,131,106
66,64,128,100,108,116,120,75,67,76,82,134,85,70,97,70,109,66,91,132,108
67,60,121,98,103,112,113,71,60,69,77,127,83,65,95,63,102,64,89,128,103
68,62,124,99,105,114,116,73,63,72,79,130,84,67,96,66,105,65,90,130,105
69,63,125,99,106,115,117,74,64,73,80,131,84,68,97,67,106,65,90,131,106
70,64,127,100,107,116,119,75,66,75,81,133,85,69,97,69,108,66,91,132,107
71,61,122,99,103,113,114,72,61,70,77,128,84,65,95,64,103,65,90,129,103
72,61,123,99,104,113,115,72,62,71,78,129,84,66,96,65,104,65,90,129,104
73,60,120,98,102,112,112,71,59,68,76,126,83,64,94,62,101,64,89,128,102
74,65,129,100,109,117,121,76,68,77,83,135,85,71,98,71,110,66,91,133,109
75,64,127,100,107,116,119,75,66,75,81,133,85,69,97,69,108,66,91,132,107
76,62,124,99,105,114,116,73,63,72,79,130,84,67,96,66,105,65,90,130,105
77,62,123,99,104,114,115,73,62,71,78,129,84,66,96,65,104,65,90,130,104
78,63,125,99,106,115,117,74,64,73,80,131,84,68,97,67,106,65,90,131,106
79,62,123,99,105,114,115,73,62,71,79,129,84,67,96,65,104,65,90,130,105
80,65,128,100,109,117,120,76,67,76,83,134,85,71,98,70,109,66,91,133,109
81,65,129,100,109,117,121,76,68,77,83,135,85,71,98,71,110,66,91,133,109
82,64,127,100,107,116,119,75,66,75,81,133,85,69,97,69,108,66,91,132,107
83,63,126,99,107,115,118,74,65,74,81,132,84,69,97,68,107,65,90,131,107
84,62,125,99,105,114,117,73,64,73,79,131,84,67,96,67,106,65,90,130,105
85,61,122,99,103,113,114,72,61,70,77,128,84,65,95,64,103,65,90,129,103
86,62,124,99,105,114,116,73,63,72,79,130,84,67,96,66,105,65,90,130,105
87,64,127,100,107,116,119,75,66,75,81,133,85,69,97,69,108,66,91,132,107
88,63,125,99,106,115,117,74,64,73,80,131,84,68,97,67,106,65,90,131,106
89,63,126,99,106,115,118,74,65,74,80,132,84,68,97,68,107,65,90,131,106
90,60,120,98,102,112,112,71,59,68,76,126,83,64,95,62,101,64,89,128,102
91,62,123,99,104,114,115,73,62,71,78,129,84,66,96,65,104,65,90,130,104
92,61,122,99,103,113,114,72,61,70,77,128,84,65,95,64,103,65,90,129,103
93,62,124,99,105,114,116,73,63,72,79,130,84,67,96,66,105,65,90,130,105
94,61,123,99,104,113,115,72,62,71,78,129,84,66,96,65,104,65,90,129,104
95,63,126,99,107,115,118,74,65,74,81,132,84,69,97,68,107,65,90,131,107
96,63,125,99,106,115,117,74,64,73,80,131,84,68,97,67,106,65,90,131,106
97,63,126,99,106,115,118,74,65,74,80,132,84,68,97,68,107,65,90,131,106
98,62,124,99,105,114,116,73,63,72,79,130,84,67,96,66,105,65,90,130,105
99,62,125,99,106,114,117,73,64,73,80,131,84,68,96,67,106,65,90,130,106
100,63,126,99,106,115,118,74,65,74,80,132,84,68,97,68,107,65,90,131,106
101,64,127,100,107,116,119,75,66,75,81,133,85,69,97,69,108,66,91,132,107
102,61,122,99,103,113,114,72,61,70,77,128,84,65,95,64,103,65,90,129,103
103,61,123,99,104,113,115,72,62,71,78,129,84,66,96,65,104,65,90,129,104
104,61,122,99,104,113,114,72,61,70,78,128,84,66,95,64,103,65,90,129,104
105,65,129,100,109,117,121,76,68,77,83,135,85,71,98,71,110,66,91,133,109
106,62,124,99,105,114,116,73,63,72,79,130,84,67,96,66,105,65,90,130,105
107,63,125,99,106,115,117,74,64,73,80,131,84,68,96,67,106,65,90,131,106
108,63,125,99,106,115,117,74,64,73,80,131,84,68,96,67,106,65,90,131,106
109,60,121,98,103,112,113,71,60,69,77,127,83,65,95,63,102,64,89,128,103
110,61,122,99,104,113,114,72,61,70,78,128,84,66,95,64,103,65,90,129,104
111,61,122,99,103,113,114,72,61,70,77,128,84,65,95,64,103,65,90,129,103
112,62,125,99,105,114,117,73,64,73,79,131,84,67,96,67,106,65,90,130,105
113,61,122,99,104,113,114,72,61,70,78,128,84,66,95,64,103,65,90,129,104
114,62,124,99,105,114,116,73,63,72,79,130,84,67,96,66,105,65,90,130,105
115,65,129,100,109,117,121,76,68,77,83,135,85,71,98,71,110,66,91,133,109
116,61,122,99,104,113,114,72,61,70,78,128,84,66,95,64,103,65,90,129,104
117,64,128,100,108,116,120,75,67,76,82,134,85,70,98,70,109,66,91,132,108
118,61,122,99,103,113,114,72,61,70,77,128,84,65,95,64,103,65,90,129,103
119,61,123,99,104,113,115,72,62,71,78,129,84,66,95,65,104,65,90,129,104
120,62,125,99,106,114,117,73,64,73,80,131,84,68,96,67,106,65,90,130,106
121,65,129,100,109,117,121,76,68,77,83,135,85,71,98,71,110,66,91,133,109
122,59,119,98,101,111,111,70,58,67,75,125,83,63,94,61,100,64,89,127,101
123,60,121,98,103,112,113,71,60,69,77,127,83,65,95,63,102,64,89,128,103
124,61,122,99,103,113,114,72,61,70,77,128,84,65,95,64,103,65,90,129,103
125,65,128,100,109,117,120,76,67,76,83,134,85,71,98,70,109,66,91,133,109
126,60,121,98,102,112,113,71,60,69,76,127,83,64,95,63,102,64,89,128,102
127,64,127,100,107,116,119,75,66,75,81,133,85,69,97,69,108,66,91,132,107
128,64,128,100,108,116,120,75,67,76,82,134,85,70,97,70,109,66,91,132,108
129,61,123,99,104,113,115,72,62,71,78,129,84,66,96,65,104,65,90,129,104
130,61,122,99,104,113,114,72,61,70,78,128,84,66,95,64,103,65,90,129,104
131,63,125,99,106,115,117,74,64,73,80,131,84,68,96,67,106,65,90,131,106
132,60,121,98,103,112,113,71,60,69,77,127,83,65,95,63,102,64,89,128,103
133,63,125,99,106,115,117,74,64,73,80,131,84,68,97,67,106,65,90,131,106
134,60,120,98,102,112,112,71,59,68,76,126,83,64,95,62,101,64,89,128,102
135,62,124,99,105,114,116,73,63,72,79,130,84,67,96,66,105,65,90,130,105
136,61,122,99,103,113,114,72,61,70,77,128,84,65,95,64,103,65,90,129,103
137,62,124,99,105,114,116,73,63,72,79,130,84,67,96,66,105,65,90,130,105
138,62,125,99,106,114,117,73,64,73,80,131,84,68,96,67,106,65,90,130,106
139,62,123,99,104,114,115,73,62,71,78,129,84,66,96,65,104,65,90,130,104
140,63,125,99,106,115,117,74,64,73,80,131,84,68,96,67,106,65,90,131,106
141,60,120,98,102,112,112,71,59,68,76,126,83,64,94,62,101,64,89,128,102
142,60,120,98,102,112,112,71,59,68,76,126,83,64,94,62,101,64,89,128,102
143,63,126,99,107,115,118,74,65,74,81,132,84,69,97,68,107,65,90,131,107
144,65,129,100,109,117,121,76,68,77,83,135,85,71,98,71,110,66,91,133,109
145,62,124,99,105,114,116,73,63,72,79,130,84,67,96,66,105,65,90,130,105
146,62,124,99,105,114,116,73,63,72,79,130,84,67,96,66,105,65,90,130,105
147,63,125,99,106,115,117,74,64,73,80,131,84,68,96,67,106,65,90,131,106
148,63,126,99,107,115,118,74,65,74,81,132,84,69,97,68,107,65,90,131,107
149,62,123,99,104,114,115,73,62,71,78,129,84,66,96,65,104,65,90,130,104
150,65,128,100,108,117,120,76,67,76,82,134,85,70,98,70,109,66,91,133,108
151,64,127,100,107,116,119,75,66,75,81,133,85,69,97,69,108,66,91,132,107
152,63,126,99,106,115,118,74,65,74,80,132,84,68,97,68,107,65,90,131,106
153,61,122,99,103,113,114,72,61,70,77,128,84,65,95,64,103,65,90,129,103
154,62,124,99,105,114,116,73,63,72,79,130,84,67,96,66,105,65,90,130,105
155,63,126,99,106,115,118,74,65,74,80,132,84,68,97,68,107,65,90,131,106
156,65,128,100,109,117,120,76,67,76,83,134,85,71,98,70,109,66,91,133,109
157,63,126,99,107,115,118,74,65,74,81,132,84,69,97,68,107,65,90,131,107
158,63,126,99,107,115,118,74,65,74,81,132,84,69,97,68,107,65,90,131,107
159,64,127,100,108,116,119,75,66,75,82,133,85,70,97,69,108,66,91,132,108
160,65,129,100,109,117,121,76,68,77,83,135,85,71,98,71,110,66,91,133,109
161,60,121,98,103,112,113,71,60,69,77,127,83,65,95,63,102,64,89,128,103
162,63,126,99,107,115,118,74,65,74,81,132,84,69,97,68,107,65,90,131,107
163,60,121,98,102,112,113,71,60,69,76,127,83,64,95,63,102,64,89,128,102
164,62,125,99,106,114,117,73,64,73,80,131,84,68,96,67,106,65,90,130,106
165,60,121,98,103,112,113,71,60,69,77,127,83,65,95,63,102,64,89,128,103
166,61,122,99,104,113,114,72,61,70,78,128,84,66,95,64,103,65,90,129,104
167,64,127,100,108,116,119,75,66,75,82,133,85,70,97,69,108,66,91,132,108
168,62,124,99,105,114,116,73,63,72,79,130,84,67,96,66,105,65,90,130,105
169,61,122,99,103,113,114,72,61,70,77,128,84,65,95,64,103,65,90,129,103
170,61,122,99,103,113,114,72,61,70,77,128,84,65,95,64,103,65,90,129,103
171,61,123,99,104,113,115,72,62,71,78,129,84,66,96,65,104,65,90,129,104
172,61,123,99,104,113,115,72,62,71,78,129,84,66,95,65,104,65,90,129,104
173,59,119,98,101,111,111,70,58,67,75,125,83,63,94,61,100,64,89,127,101
174,61,122,99,104,113,114,72,61,70,78,128,84,66,95,64,103,65,90,129,104
175,64,128,100,108,116,120,75,67,76,82,134,85,70,98,70,109,66,91,132,108
176,61,122,99,103,113,114,72,61,70,77,128,84,65,95,64,103,65,90,129,103
177,61,122,99,103,113,114,72,61,70,77,128,84,65,95,64,103,65,90,129,103
178,65,129,100,109,117,121,76,68,77,83,135,85,71,98,71,110,66,91,133,109
179,63,126,99,107,115,118,74,65,74,81,132,84,69,97,68,107,65,90,131,107
180,64,127,100,108,116,119,75,66,75,82,133,85,70,97,69,108,66,91,132,108
181,62,124,99,105,114,116,73,63,72,79,130,84,67,96,66,105,65,90,130,105
182,64,127,100,107,116,119,75,66,75,81,133,85,69,97,69,108,66,91,132,107
183,60,120,98,102,112,112,71,59,68,76,126,83,64,95,62,101,64,89,128,102
184,59,119,98,101,111,111,70,58,67,75,125,83,63,94,61,100,64,89,127,101
185,63,126,99,106,115,118,74,65,74,80,132,84,68,97,68,107,65,90,131,106
186,65,129,100,109,117,121,76,68,77,83,135,85,71,98,71,110,66,91,133,109
187,61,123,99,104,113,115,72,62,71,78,129,84,66,95,65,104,65,90,129,104
188,60,120,98,102,112,112,71,59,68,76,126,83,64,95,62,101,64,89,128,102
189,63,126,99,106,115,118,74,65,74,80,132,84,68,97,68,107,65,90,131,106
190,63,126,99,106,115,118,74,65,74,80,132,84,68,97,68,107,65,90,131,106
191,63,126,99,106,115,118,74,65,74,80,132,84,68,97,68,107,65,90,131,106
192,61,123,99,104,113,115,72,62,71,78,129,84,66,95,65,104,65,90,129,104
193,63,125,99,106,115,117,74,64,73,80,131,84,68,97,67,106,65,90,131,106
194,62,123,99,104,114,115,73,62,71,78,129,84,66,96,65,104,65,90,130,104
195,60,121,98,103,112,113,71,60,69,77,127,83,65,95,63,102,64,89,128,103
196,61,122,99,104,113,114,72,61,70,78,128,84,66,95,64,103,65,90,129,104
197,64,127,100,108,116,119,75,66,75,82,133,85,70,97,69,108,66,91,132,108
198,62,125,99,106,114,117,73,64,73,80,131,84,68,96,67,106,65,90,130,106
199,60,121,98,103,112,113,71,60,69,77,127,83,65,95,63,102,64,89,128,103
200,60,120,98,102,112,112,71,59,68,76,126,83,64,94,62,101,64,89,128,102
201,63,126,99,107,115,118,74,65,74,81,132,84,69,97,68,107,65,90,131,107
202,64,127,100,107,116,119,75,66,75,81,133,85,69,97,69,108,66,91,132,107
203,65,129,100,109,117,121,76,68,77,83,135,85,71,98,71,110,66,91,133,109
204,60,121,98,103,112,113,71,60,69,77,127,83,65,95,63,102,64,89,128,103
205,60,120,98,102,112,112,71,59,68,76,126,83,64,94,62,101,64,89,128,102
206,63,126,99,106,115,118,74,65,74,80,132,84,68,97,68,107,65,90,131,106
207,63,126,99,107,115,118,74,65,74,81,132,84,69,97,68,107,65,90,131,107
208,63,126,99,106,115,118,74,65,74,80,132,84,68,97,68,107,65,90,131,106
209,63,125,99,106,115,117,74,64,73,80,131,84,68,96,67,106,65,90,131,106
210,64,128,100,108,116,120,75,67,76,82,134,85,70,97,70,109,66,91,132,108
211,63,126,99,107,115,118,74,65,74,81,132,84,69,97,68,107,65,90,131,107
212,65,129,100,109,117,121,76,68,77,83,135,85,71,98,71,110,66,91,133,109
213,61,122,99,103,113,114,72,61,70,77,128,84,65,95,64,103,65,90,129,103
214,60,121,98,103,112,113,71,60,69,77,127,83,65,95,63,102,64,89,128,103
215,61,123,99,104,113,115,72,62,71,78,129,84,66,96,65,104,65,90,129,104
216,62,124,99,105,114,116,73,63,72,79,130,84,67,96,66,105,65,90,130,105
217,59,119,98,101,111,111,70,58,67,75,125,83,63,94,61,100,64,89,127,101
218,61,123,99,104,113,115,72,62,71,78,129,84,66,96,65,104,65,90,129,104
219,63,126,99,106,115,118,74,65,74,80,132,84,68,97,68,107,65,90,131,106
220,63,126,99,107,115,118,74,65,74,81,132,84,69,97,68,107,65,90,131,107
221,65,129,100,109,117,121,76,68,77,83,135,85,71,98,71,110,66,91,133,109
222,60,121,98,103,112,113,71,60,69,77,127,83,65,95,63,102,64,89,128,103
223,62,123,99,104,114,115,73,62,71,78,129,84,66,96,65,104,65,90,130,104
224,64,127,100,107,116,119,75,66,75,81,133,85,69,97,69,108,66,91,132,107
225,62,125,99,106,114,117,73,64,73,80,131,84,68,96,67,106,65,90,130,106
226,61,122,99,103,113,114,72,61,70,77,128,84,65,95,64,103,65,90,129,103
227,62,125,99,106,114,117,73,64,73,80,131,84,68,96,67,106,65,90,130,106
228,62,124,99,105,114,116,73,63,72,79,130,84,67,96,66,105,65,90,130,105
229,62,123,99,105,114,115,73,62,71,79,129,84,67,96,65,104,65,90,130,105
230,64,128,100,108,116,120,75,67,76,82,134,85,70,97,70,109,66,91,132,108
231,62,124,99,105,114,116,73,63,72,79,130,84,67,96,66,105,65,90,130,105
232,63,125,99,106,115,117,74,64,73,80,131,84,68,96,67,106,65,90,131,106
233,59,119,98,101,111,111,70,58,67,75,125,83,63,94,61,100,64,89,127,101
234,61,122,99,104,113,114,72,61,70,78,128,84,66,95,64,103,65,90,129,104
235,60,121,98,103,112,113,71,60,69,77,127,83,65,95,63,102,64,89,128,103
236,60,121,98,102,112,113,71,60,69,76,127,83,64,95,63,102,64,89,128,102
237,65,128,100,108,117,120,76,67,76,82,134,85,70,98,70,109,66,91,133,108
238,62,124,99,105,114,116,73,63,72,79,130,84,67,96,66,105,65,90,130,105
239,64,127,100,107,116,119,75,66,75,81,133,85,69,97,69,108,66,91,132,107
240,60,121,98,103,112,113,71,60,69,77,127,83,65,95,63,102,64,89,128,103
241,63,126,99,106,115,118,74,65,74,80,132,84,68,97,68,107,65,90,131,106
242,61,122,99,104,113,114,72,61,70,78,128,84,66,95,64,103,65,90,129,104
243,63,125,99,106,115,117,74,64,73,80,131,84,68,96,67,106,65,90,131,106
244,64,127,100,107,116,119,75,66,75,81,133,85,69,97,69,108,66,91,132,107
245,63,125,99,106,115,117,74,64,73,80,131,84,68,97,67,106,65,90,131,106
246,64,127,100,107,116,119,75,66,75,81,133,85,69,97,69,108,66,91,132,107
247,61,123,99,104,113,115,72,62,71,78,129,84,66,96,65,104,65,90,129,104
248,64,127,100,108,116,119,75,66,75,82,133,85,70,97,69,108,66,91,132,108
249,61,123,99,104,113,115,72,62,71,78,129,84,66,96,65,104,65,90,129,104
250,64,127,100,107,116,119,75,66,75,81,133,85,69,97,69,108,66,91,132,107
251,59,119,98,101,111,111,70,58,67,75,125,83,63,94,61,100,64,89,127,101
252,63,125,99,106,115,117,74,64,73,80,131,84,68,97,67,106,65,90,131,106
253,60,121,98,103,112,113,71,60,69,77,127,83,65,95,63,102,64,89,128,103
254,59,119,98,101,111,111,70,58,67,75,125,83,63,94,61,100,64,89,127,101
255,60,120,98,102,112,112,71,59,68,76,126,83,64,94,62,101,64,89,128,102
256,64,128,100,108,116,120,75,67,76,82,134,85,70,98,70,109,66,91,132,108
257,64,127,100,108,116,119,75,66,75,82,133,85,70,97,69,108,66,91,132,108
258,59,119,98,101,111,111,70,58,67,75,125,83,63,94,61,100,64,89,127,101
259,59,120,98,102,111,112,70,59,68,76,126,83,64,94,62,101,64,89,127,102
260,62,123,99,104,114,115,73,62,71,78,129,84,66,96,65,104,65,90,130,104
261,62,124,99,105,114,116,73,63,72,79,130,84,67,96,66,105,65,90,130,105
262,63,125,99,106,115,117,74,64,73,80,131,84,68,97,67,106,65,90,131,106
263,60,120,98,102,112,112,71,59,68,76,126,83,64,94,62,101,64,89,128,102
264,63,125,99,106,115,117,74,64,73,80,131,84,68,97,67,106,65,90,131,106
265,63,125,99,106,115,117,74,64,73,80,131,84,68,97,67,106,65,90,131,106
266,64,128,100,108,116,120,75,67,76,82,134,85,70,97,70,109,66,91,132,108
267,63,125,99,106,115,117,74,64,73,80,131,84,68,97,67,106,65,90,131,106
268,63,126,99,107,115,118,74,65,74,81,132,84,69,97,68,107,65,90,131,107
269,65,129,100,109,117,121,76,68,77,83,135,85,71,98,71,110,66,91,133,109
270,65,129,100,109,117,121,76,68,77,83,135,85,71,98,71,110,66,91,133,109
271,63,125,99,106,115,117,74,64,73,80,131,84,68,96,67,106,65,90,131,106
272,62,124,99,105,114,116,73,63,72,79,130,84,67,96,66,105,65,90,130,105
273,63,126,99,107,115,118,74,65,74,81,132,84,69,97,68,107,65,90,131,107
274,64,127,100,107,116,119,75,66,75,81,133,85,69,97,69,108,66,91,132,107
275,60,121,98,102,112,113,71,60,69,76,127,83,64,95,63,102,64,89,128,102
276,63,126,99,107,115,118,74,65,74,81,132,84,69,97,68,107,65,90,131,107
277,61,123,99,104,113,115,72,62,71,78,129,84,66,96,65,104,65,90,129,104
278,59,120,98,102,111,112,70,59,68,76,126,83,64,94,62,101,64,89,127,102
279,61,123,99,104,113,115,72,62,71,78,129,84,66,96,65,104,65,90,129,104
280,62,124,99,105,114,116,73,63,72,79,130,84,67,96,66,105,65,90,130,105
281,62,125,99,106,114,117,73,64,73,80,131,84,68,96,67,106,65,90,130,106
282,60,120,98,102,112,112,71,59,68,76,126,83,64,94,62,101,64,89,128,102
283,62,124,99,105,114,116,73,63,72,79,130,84,67,96,66,105,65,90,130,105
284,61,123,99,104,113,115,72,62,71,78,129,84,66,96,65,104,65,90,129,104
285,64,128,100,108,116,120,75,67,76,82,134,85,70,97,70,109,66,91,132,108
286,63,125,99,106,115,117,74,64,73,80,131,84,68,96,67,106,65,90,131,106
287,65,129,100,109,117,121,76,68,77,83,135,85,71,98,71,110,66,91,133,109
288,61,122,99,103,113,114,72,61,70,77,128,84,65,95,64,103,65,90,129,103
289,61,122,99,103,113,114,72,61,70,77,128,84,65,95,64,103,65,90,129,103
290,59,119,98,101,111,111,70,58,67,75,125,83,63,94,61,100,64,89,127,101
291,63,126,99,106,115,118,74,65,74,80,132,84,68,97,68,107,65,90,131,106
292,60,121,98,102,112,113,71,60,69,76,127,83,64,95,63,102,64,89,128,102
293,59,119,98,101,111,111,70,58,67,75,125,83,63,94,61,100,64,89,127,101
294,62,124,99,105,114,116,73,63,72,79,130,84,67,96,66,105,65,90,130,105
295,63,125,99,106,115,117,74,64,73,80,131,84,68,96,67,106,65,90,131,106
296,64,127,100,107,116,119,75,66,75,81,133,85,69,97,69,108,66,91,132,107
297,62,124,99,105,114,116,73,63,72,79,130,84,67,96,66,105,65,90,130,105
298,61,123,99,104,113,115,72,62,71,78,129,84,66,96,65,104,65,90,129,104
299,64,127,100,107,116,119,75,66,75,81,133,85,69,97,69,108,66,91,132,107
300,60,121,98,102,112,113,71,60,69,76,127,83,64,95,63,102,64,89,128,102
301,64,128,100,108,116,120,75,67,76,82,134,85,70,97,70,109,66,91,132,108
302,60,121,98,103,112,113,71,60,69,77,127,83,65,95,63,102,64,89,128,103
303,62,123,99,105,114,115,73,62,71,79,129,84,67,96,65,104,65,90,130,105
304,60,120,98,102,112,112,71,59,68,76,126,83,64,94,62,101,64,89,128,102
305,65,128,100,108,117,120,76,67,76,82,134,85,70,98,70,109,66,91,133,108
306,62,124,99,105,114,116,73,63,72,79,130,84,67,96,66,105,65,90,130,105
307,63,125,99,106,115,117,74,64,73,80,131,84,68,97,67,106,65,90,131,106
308,63,126,99,106,115,118,74,65,74,80,132,84,68,97,68,107,65,90,131,106
309,59,119,98,101,111,111,70,58,67,75,125,83,63,94,61,100,64,89,127,101
310,61,123,99,104,113,115,72,62,71,78,129,84,66,96,65,104,65,90,129,104
311,62,123,99,104,114,115,73,62,71,78,129,84,66,96,65,104,65,90,130,104
312,59,119,98,101,111,111,70,58,67,75,125,83,63,94,61,100,64,89,127,101
313,63,125,99,106,115,117,74,64,73,80,131,84,68,96,67,106,65,90,131,106
314,62,124,99,105,114,116,73,63,72,79,130,84,67,96,66,105,65,90,130,105
315,59,120,98,102,111,112,70,59,68,76,126,83,64,94,62,101,64,89,127,102
316,64,127,100,107,116,119,75,66,75,81,133,85,69,97,69,108,66,91,132,107
317,62,124,99,105,114,116,73,63,72,79,130,84,67,96,66,105,65,90,130,105
318,63,126,99,106,115,118,74,65,74,80,132,84,68,97,68,107,65,90,131,106
319,61,122,99,103,113,114,72,61,70,77,128,84,65,95,64,103,65,90,129,103
320,64,128,100,108,116,120,75,67,76,82,134,85,70,97,70,109,66,91,132,108
321,62,125,99,106,114,117,73,64,73,80,131,84,68,96,67,106,65,90,130,106
322,60,120,98,102,112,112,71,59,68,76,126,83,64,94,62,101,64,89,128,102
323,64,128,100,108,116,120,75,67,76,82,134,85,70,97,70,109,66,91,132,108
324,61,122,99,104,113,114,72,61,70,78,128,84,66,95,64,103,65,90,129,104
325,59,119,98,101,111,111,70,58,67,75,125,83,63,94,61,100,64,89,127,101
326,61,122,99,103,113,114,72,61,70,77,128,84,65,95,64,103,65,90,129,103
327,61,122,99,103,113,114,72,61,70,77,128,84,65,95,64,103,65,90,129,103
328,64,128,100,108,116,120,75,67,76,82,134,85,70,98,70,109,66,91,132,108
329,64,128,100,108,116,120,75,67,76,82,134,85,70,97,70,109,66,91,132,108
330,59,119,98,101,111,111,70,58,67,75,125,83,63,94,61,100,64,89,127,101
331,60,121,98,103,112,113,71,60,69,77,127,83,65,95,63,102,64,89,128,103
332,65,129,100,109,117,121,76,68,77,83,135,85,71,98,71,110,66,91,133,109
333,64,127,100,107,116,119,75,66,75,81,133,85,69,97,69,108,66,91,132,107
334,63,126,99,107,115,118,74,65,74,81,132,84,69,97,68,107,65,90,131,107
335,62,125,99,106,114,117,73,64,73,80,131,84,68,96,67,106,65,90,130,106
336,59,119,98,101,111,111,70,58,67,75,125,83,63,94,61,100,64,89,127,101
337,65,128,100,108,117,120,76,67,76,82,134,85,70,98,70,109,66,91,133,108
338,60,121,98,103,112,113,71,60,69,77,127,83,65,95,63,102,64,89,128,103
339,63,125,99,106,115,117,74,64,73,80,131,84,68,96,67,106,65,90,131,106
340,62,124,99,105,114,116,73,63,72,79,130,84,67,96,66,105,65,90,130,105
341,64,127,100,108,116,119,75,66,75,82,133,85,70,97,69,108,66,91,132,108
342,61,122,99,104,113,114,72,61,70,78,128,84,66,95,64,103,65,90,129,104
343,60,121,98,102,112,113,71,60,69,76,127,83,64,95,63,102,64,89,128,102
344,60,121,98,103,112,113,71,60,69,77,127,83,65,95,63,102,64,89,128,103
345,63,126,99,107,115,118,74,65,74,81,132,84,69,97,68,107,65,90,131,107
346,62,123,99,104,114,115,73,62,71,78,129,84,66,96,65,104,65,90,130,104
347,60,120,98,102,112,112,71,59,68,76,126,83,64,94,62,101,64,89,128,102
348,64,128,100,108,116,120,75,67,76,82,134,85,70,98,70,109,66,91,132,108
349,61,122,99,103,113,114,72,61,70,77,128,84,65,95,64,103,65,90,129,103
350,60,121,98,103,112,113,71,60,69,77,127,83,65,95,63,102,64,89,128,103
351,64,127,100,107,116,119,75,66,75,81,133,85,69,97,69,108,66,91,132,107
352,61,122,99,103,113,114,72,61,70,77,128,84,65,95,64,103,65,90,129,103
353,61,122,99,103,113,114,72,61,70,77,128,84,65,95,64,103,65,90,129,103
354,61,123,99,104,113,115,72,62,71,78,129,84,66,95,65,104,65,90,129,104
355,62,123,99,105,114,115,73,62,71,79,129,84,67,96,65,104,65,90,130,105
356,64,127,100,107,116,119,75,66,75,81,133,85,69,97,69,108,66,91,132,107
357,61,123,99,104,113,115,72,62,71,78,129,84,66,96,65,104,65,90,129,104
358,62,124,99,105,114,116,73,63,72,79,130,84,67,96,66,105,65,90,130,105
359,62,124,99,105,114,116,73,63,72,79,130,84,67,96,66,105,65,90,130,105
360,60,120,98,102,112,112,71,59,68,76,126,83,64,94,62,101,64,89,128,102
361,60,120,98,102,112,112,71,59,68,76,126,83,64,94,62,101,64,89,128,102
362,59,120,98,102,111,112,70,59,68,76,126,83,64,94,62,101,64,89,127,102
363,62,123,99,104,114,115,73,62,71,78,129,84,66,96,65,104,65,90,130,104
364,63,125,99,106,115,117,74,64,73,80,131,84,68,96,67,106,65,90,131,106
365,59,119,98,101,111,111,70,58,67,75,125,83,63,94,61,100,64,89,127,101
366,63,126,99,106,115,118,74,65,74,80,132,84,68,97,68,107,65,90,131,106
367,65,129,100,109,117,121,76,68,77,83,135,85,71,98,71,110,66,91,133,109
368,61,122,99,103,113,114,72,61,70,77,128,84,65,95,64,103,65,90,129,103
369,61,122,99,103,113,114,72,61,70,77,128,84,65,95,64,103,65,90,129,103
370,60,121,98,102,112,113,71,60,69,76,127,83,64,95,63,102,64,89,128,102
371,64,127,100,108,116,119,75,66,75,82,133,85,70,97,69,108,66,91,132,108
372,60,121,98,103,112,113,71,60,69,77,127,83,65,95,63,102,64,89,128,103
373,61,123,99,104,113,115,72,62,71,78,129,84,66,95,65,104,65,90,129,104
374,65,128,100,109,117,120,76,67,76,83,134,85,71,98,70,109,66,91,133,109
375,60,121,98,103,112,113,71,60,69,77,127,83,65,95,63,102,64,89,128,103
376,61,122,99,103,113,114,72,61,70,77,128,84,65,95,64,103,65,90,129,103
377,62,123,99,104,114,115,73,62,71,78,129,84,66,96,65,104,65,90,130,104
378,60,121,98,103,112,113,71,60,69,77,127,83,65,95,63,102,64,89,128,103
379,61,122,99,103,113,114,72,61,70,77,128,84,65,95,64,103,65,90,129,103
380,65,128,100,108,117,120,76,67,76,82,134,85,70,98,70,109,66,91,133,108
381,62,123,99,104,114,115,73,62,71,78,129,84,66,96,65,104,65,90,130,104
382,64,128,100,108,116,120,75,67,76,82,134,85,70,97,70,109,66,91,132,108
383,64,127,100,107,116,119,75,66,75,81,133,85,69,97,69,108,66,91,132,107
384,61,123,99,104,113,115,72,62,71,78,129,84,66,96,65,104,65,90,129,104
385,60,121,98,103,112,113,71,60,69,77,127,83,65,95,63,102,64,89,128,103
386,63,126,99,106,115,118,74,65,74,80,132,84,68,97,68,107,65,90,131,106
387,62,124,99,105,114,116,73,63,72,79,130,84,67,96,66,105,65,90,130,105
388,61,122,99,103,113,114,72,61,70,77,128,84,65,95,64,103,65,90,129,103
389,59,120,98,102,111,112,70,59,68,76,126,83,64,94,62,101,64,89,127,102
390,60,121,98,103,112,113,71,60,69,77,127,83,65,95,63,102,64,89,128,103
391,60,120,98,102,112,112,71,59,68,76,126,83,64,95,62,101,64,89,128,102
392,65,129,100,109,117,121,76,68,77,83,135,85,71,98,71,110,66,91,133,109
393,60,120,98,102,112,112,71,59,68,76,126,83,64,95,62,101,64,89,128,102
394,63,125,99,106,115,117,74,64,73,80,131,84,68,97,67,106,65,90,131,106
395,59,120,98,101,111,112,70,59,68,75,126,83,63,94,62,101,64,89,127,101
396,60,121,98,102,112,113,71,60,69,76,127,83,64,95,63,102,64,89,128,102
397,61,122,99,103,113,114,72,61,70,77,128,84,65,95,64,103,65,90,129,103
398,63,126,99,107,115,118,74,65,74,81,132,84,69,97,68,107,65,90,131,107
399,63,126,99,107,115,118,74,65,74,81,132,84,69,97,68,107,65,90,131,107
400,62,124,99,105,114,116,73,63,72,79,130,84,67,96,66,105,65,90,130,105
401,61,122,99,103,113,114,72,61,70,77,128,84,65,95,64,103,65,90,129,103
402,59,119,98,101,111,111,70,58,67,75,125,83,63,94,61,100,64,89,127,101
403,61,123,99,104,113,115,72,62,71,78,129,84,66,95,65,104,65,90,129,104
404,64,127,100,107,116,119,75,66,75,81,133,85,69,97,69,108,66,91,132,107
405,62,124,99,105,114,116,73,63,72,79,130,84,67,96,66,105,65,90,130,105
406,60,120,98,102,112,112,71,59,68,76,126,83,64,95,62,101,64,89,128,102
407,60,121,98,103,112,113,71,60,69,77,127,83,65,95,63,102,64,89,128,103
408,62,123,99,105,114,115,73,62,71,79,129,84,67,96,65,104,65,90,130,105
409,65,129,100,109,117,121,76,68,77,83,135,85,71,98,71,110,66,91,133,109
410,60,121,98,102,112,113,71,60,69,76,127,83,64,95,63,102,64,89,128,102
411,62,124,99,105,114,116,73,63,72,79,130,84,67,96,66,105,65,90,130,105
412,61,122,99,103,113,114,72,61,70,77,128,84,65,95,64,103,65,90,129,103
413,64,127,100,107,116,119,75,66,75,81,133,85,69,97,69,108,66,91,132,107
414,59,120,98,102,111,112,70,59,68,76,126,83,64,94,62,101,64,89,127,102
415,61,123,99,104,113,115,72,62,71,78,129,84,66,96,65,104,65,90,129,104
416,62,124,99,105,114,116,73,63,72,79,130,84,67,96,66,105,65,90,130,105
417,59,119,98,101,111,111,70,58,67,75,125,83,63,94,61,100,64,89,127,101
418,64,127,100,107,116,119,75,66,75,81,133,85,69,97,69,108,66,91,132,107
419,60,121,98,102,112,113,71,60,69,76,127,83,64,95,63,102,64,89,128,102
420,62,124,99,105,114,116,73,63,72,79,130,84,67,96,66,105,65,90,130,105
421,60,120,98,102,112,112,71,59,68,76,126,83,64,94,62,101,64,89,128,102
422,59,120,98,101,111,112,70,59,68,75,126,83,63,94,62,101,64,89,127,101
423,63,126,99,106,115,118,74,65,74,80,132,84,68,97,68,107,65,90,131,106
424,60,120,98,102,112,112,71,59,68,76,126,83,64,95,62,101,64,89,128,102
425,59,119,98,101,111,111,70,58,67,75,125,83,63,94,61,100,64,89,127,101
426,62,124,99,105,114,116,73,63,72,79,130,84,67,96,66,105,65,90,130,105
427,64,128,100,108,116,120,75,67,76,82,134,85,70,97,70,109,66,91,132,108
428,61,122,99,103,113,114,72,61,70,77,128,84,65,95,64,103,65,90,129,103
429,65,129,100,109,117,121,76,68,77,83,135,85,71,98,71,110,66,91,133,109
430,63,126,99,107,115,118,74,65,74,81,132,84,69,97,68,107,65,90,131,107
431,59,119,98,101,111,111,70,58,67,75,125,83,63,94,61,100,64,89,127,101
432,65,128,100,108,117,120,76,67,76,82,134,85,70,98,70,109,66,91,133,108
433,64,127,100,107,116,119,75,66,75,81,133,85,69,97,69,108,66,91,132,107
434,61,122,99,104,113,114,72,61,70,78,128,84,66,95,64,103,65,90,129,104
435,59,119,98,101,111,111,70,58,67,75,125,83,63,94,61,100,64,89,127,101
436,61,122,99,103,113,114,72,61,70,77,128,84,65,95,64,103,65,90,129,103
437,59,120,98,101,111,112,70,59,68,75,126,83,63,94,62,101,64,89,127,101
438,60,121,98,103,112,113,71,60,69,77,127,83,65,95,63,102,64,89,128,103
439,64,128,100,108,116,120,75,67,76,82,134,85,70,98,70,109,66,91,132,108
440,62,124,99,105,114,116,73,63,72,79,130,84,67,96,66,105,65,90,130,105
441,62,124,99,105,114,116,73,63,72,79,130,84,67,96,66,105,65,90,130,105
442,64,128,100,108,116,120,75,67,76,82,134,85,70,97,70,109,66,91,132,108
443,61,122,99,103,113,114,72,61,70,77,128,84,65,95,64,103,65,90,129,103
444,64,127,100,108,116,119,75,66,75,82,133,85,70,97,69,108,66,91,132,108
445,62,123,99,104,114,115,73,62,71,78,129,84,66,96,65,104,65,90,130,104
446,63,126,99,106,115,118,74,65,74,80,132,84,68,97,68,107,65,90,131,106
447,62,124,99,105,114,116,73,63,72,79,130,84,67,96,66,105,65,90,130,105
448,62,124,99,105,114,116,73,63,72,79,130,84,67,96,66,105,65,90,130,105
449,65,129,100,109,117,121,76,68,77,83,135,85,71,98,71,110,66,91,133,109
450,64,127,100,107,116,119,75,66,75,81,133,85,69,97,69,108,66,91,132,107
451,64,128,100,108,116,120,75,67,76,82,134,85,70,97,70,109,66,91,132,108
452,62,125,99,106,114,117,73,64,73,80,131,84,68,96,67,106,65,90,130,106
453,60,121,98,103,112,113,71,60,69,77,127,83,65,95,63,102,64,89,128,103
454,60,120,98,102,112,112,71,59,68,76,126,83,64,95,62,101,64,89,128,102
455,60,121,98,103,112,113,71,60,69,77,127,83,65,95,63,102,64,89,128,103
456,61,122,99,104,113,114,72,61,70,78,128,84,66,95,64,103,65,90,129,104
457,60,121,98,103,112,113,71,60,69,77,127,83,65,95,63,102,64,89,128,103
458,63,126,99,107,115,118,74,65,74,81,132,84,69,97,68,107,65,90,131,107
459,64,128,100,108,116,120,75,67,76,82,134,85,70,98,70,109,66,91,132,108
460,60,121,98,103,112,113,71,60,69,77,127,83,65,95,63,102,64,89,128,103
461,62,124,99,105,114,116,73,63,72,79,130,84,67,96,66,105,65,90,130,105
462,61,122,99,103,113,114,72,61,70,77,128,84,65,95,64,103,65,90,129,103
463,60,120,98,102,112,112,71,59,68,76,126,83,64,94,62,101,64,89,128,102
464,65,128,100,108,117,120,76,67,76,82,134,85,70,98,70,109,66,91,133,108
465,63,125,99,106,115,117,74,64,73,80,131,84,68,97,67,106,65,90,131,106
466,64,127,100,107,116,119,75,66,75,81,133,85,69,97,69,108,66,91,132,107
467,61,123,99,104,113,115,72,62,71,78,129,84,66,95,65,104,65,90,129,104
468,59,119,98,101,111,111,70,58,67,75,125,83,63,94,61,100,64,89,127,101
469,60,121,98,103,112,113,71,60,69,77,127,83,65,95,63,102,64,89,128,103
470,62,124,99,105,114,116,73,63,72,79,130,84,67,96,66,105,65,90,130,105
471,61,122,99,103,113,114,72,61,70,77,128,84,65,95,64,103,65,90,129,103
472,61,122,99,104,113,114,72,61,70,78,128,84,66,95,64,103,65,90,129,104
473,62,124,99,105,114,116,73,63,72,79,130,84,67,96,66,105,65,90,130,105
474,64,127,100,108,116,119,75,66,75,82,133,85,70,97,69,108,66,91,132,108
475,65,129,100,109,117,121,76,68,77,83,135,85,71,98,71,110,66,91,133,109
476,62,124,99,105,114,116,73,63,72,79,130,84,67,96,66,105,65,90,130,105
477,63,125,99,106,115,117,74,64,73,80,131,84,68,96,67,106,65,90,131,106
478,61,123,99,104,113,115,72,62,71,78,129,84,66,95,65,104,65,90,129,104
479,65,129,100,109,117,121,76,68,77,83,135,85,71,98,71,110,66,91,133,109
480,59,120,98,101,111,112,70,59,68,75,126,83,63,94,62,101,64,89,127,101
481,61,122,99,103,113,114,72,61,70,77,128,84,65,95,64,103,65,90,129,103
482,65,129,100,109,117,121,76,68,77,83,135,85,71,98,71,110,66,91,133,109
483,60,120,98,102,112,112,71,59,68,76,126,83,64,95,62,101,64,89,128,102
484,61,122,99,104,113,114,72,61,70,78,128,84,66,95,64,103,65,90,129,104
485,65,128,100,108,117,120,76,67,76,82,134,85,70,98,70,109,66,91,133,108
486,59,120,98,102,111,112,70,59,68,76,126,83,64,94,62,101,64,89,127,102
487,61,122,99,103,113,114,72,61,70,77,128,84,65,95,64,103,65,90,129,103
488,64,127,100,108,116,119,75,66,75,82,133,85,70,97,69,108,66,91,132,108
489,60,120,98,102,112,112,71,59,68,76,126,83,64,94,62,101,64,89,128,102
490,61,123,99,104,113,115,72,62,71,78,129,84,66,95,65,104,65,90,129,104
491,61,122,99,103,113,114,72,61,70,77,128,84,65,95,64,103,65,90,129,103
492,60,120,98,102,112,112,71,59,68,76,126,83,64,94,62,101,64,89,128,102
493,59,120,98,101,111,112,70,59,68,75,126,83,63,94,62,101,64,89,127,101
494,62,123,99,104,114,115,73,62,71,78,129,84,66,96,65,104,65,90,130,104
495,64,128,100,108,116,120,75,67,76,82,134,85,70,98,70,109,66,91,132,108
496,60,120,98,102,112,112,71,59,68,76,126,83,64,94,62,101,64,89,128,102
497,60,121,98,102,112,113,71,60,69,76,127,83,64,95,63,102,64,89,128,102
498,60,120,98,102,112,112,71,59,68,76,126,83,64,94,62,101,64,89,128,102
499,63,125,99,106,115,117,74,64,73,80,131,84,68,96,67,106,65,90,131,106
500,62,125,99,105,114,117,73,64,73,79,131,84,67,96,67,106,65,90,130,105
